character,radicals
的,白 ;勹 ;丶 
我,手 ;戈 
你,亻 ;⺈ ;小 
是,日 ;一 ;龰 
了,㇇ ;亅 
不,一 ;丿 ;卜 
在,𠂇 ;亻 ;土 
他,亻 ;乚 ;㇆ ;丨 
们,亻 ;门 
好,女 ;子 
有,𠂇 ;月 
这,辶 ;文 
会,人 ;二 ;厶 
吗,口 ;马 
什,亻 ;十 
么,丿 ;厶 
说,讠 ;丷 ;口 ;儿 
她,女 ;乚 ;㇆ ;丨 
想,木 ;目 ;心 
一,一 
很,彳 ;艮 
人,人 
那,㇆ ;二 ;丨 ;阝 
来,木 ;一 ;丷 
都,耂 ;日 ;阝 
个,人 ;丨 
能,厶 ;月 ;No glyph available 
去,土 ;厶 
和,禾 ;口 
做,亻 ;十 ;口 ;⺙ 
上,⺊ ;一 
没,氵 ;殳 
看,龵 ;目 
怎,丿 ;一 ;丨 ;二 ;心 
现,王 ;见 
点,⺊ ;口 ;灬 
呢,口 ;尸 ;匕 
太,大 ;丶 
里,里 
听,口 ;斤 
谁,讠 ;隹 
多,多 
时,日 ;寸 
候,亻 ;丨 ;No glyph available ;矢 
下,一 ;卜 
谢,讠 ;身 ;寸 
先,⺧ ;儿 
生,生 
喜,士 ;口 ;丷 ;一 ;口 
欢,又 ;欠 
大,大 
东,乚 ;一 ;小 
西,西 
小,小 
叫,口 ;丨 ;㇙ 
爱,爫 ;冖 ;𠂇 ;又 
年,丿 ;一 ;十 ;㇗ ;丨 
请,讠 ;青 
回,回 
工,工 
作,亻 ;丿 ;一 ;丨 ;二 
钱,钅 ;戋 
吃,口 ;丿 ;一 ;㇠ 
开,一 ;廾 
家,宀 ;豕 
哪,口 ;㇆ ;二 ;丨 ;阝 
朋,朋 
友,𠂇 ;又 
妈,女 ;马 
今,人 ;丶 ;㇇ 
天,一 ;大 
几,几 
爸,父 ;丨 ;No glyph available ;丨 ;乚 
些,止 ;匕 ;二 
样,木 ;羊 
对,又 ;寸 
起,走 ;己 
住,亻 ;王 ;丶 
三,一 ;二 
高,高 
兴,⺍ ;一 ;八 
买,㇖ ;大 ;⺀ 
医,匚 ;矢 
儿,儿 
字,宀 ;子 
名,夕 ;口 
认,讠 ;人 
识,讠 ;口 ;八 
坐,土 ;从 
喝,口 ;曰 ;勹 ;人 ;㇗ 
写,冖 ;No glyph available ;一 
月,月 
号,口 ;一 ;㇉ 
狗,犭 ;勹 ;口 
岁,山 ;夕 
见,见 
打,扌 ;一 ;亅 
电,日 ;丨 ;乚 
话,讠 ;舌 
喂,口 ;田 ;一 ;乚 ;No glyph available 
子,子 
漂,氵 ;覀 ;示 
亮,亠 ;口 ;冖 ;几 
分,八 ;刀 
钟,钅 ;口 ;丨 
再,一 ;冂 ;土 
本,木 ;一 
明,日 ;月 
少,小 ;丿 
块,土 ;No glyph available ;丨 ;人 
女,女 
姐,女 ;月 ;一 
衣,衣 
服,月 ;卩 ;又 
水,水 
学,⺍ ;冖 ;子 
校,木 ;亠 ;八 ;乂 
影,日 ;亠 ;口 ;小 ;彡 
书,No glyph available ;丨 ;丶 
四,囗 ;儿 
五,一 ;力 ;一 
院,阝 ;宀 ;二 ;儿 
关,丷 ;一 ;大 
系,㇒ ;糸 
飞,飞 
机,木 ;几 
二,二 
视,礻 ;见 
读,讠 ;十 ;㇖ ;大 ;⺀ 
后,⺁ ;一 ;口 
面,面 
昨,日 ;丿 ;一 ;丨 ;二 
睡,目 ;㇒ ;十 ;士 ;艹 
觉,⺍ ;冖 ;见 
六,亠 ;八 
老,老 
师,No glyph available ;一 ;巾 
星,日 ;生 
期,甘 ;一 ;八 ;月 
十,十 
猫,犭 ;艹 ;田 
脑,月 ;亠 ;凵 ;乂 
热,扌 ;丿 ;㇈ ;丶 ;灬 
午,干 ;㇒ 
习,㇆ ;亠 
冷,冫 ;人 ;丶 ;龴 
客,宀 ;夂 ;口 
气,气 
前,丷 ;一 ;月 ;刂 
八,八 
中,口 ;丨 
国,囗 ;玉 
七,乚 ;一 
菜,艹 ;爫 ;木 
桌,⺊ ;日 ;木 
出,出 
租,禾 ;月 ;一 
车,车 
茶,艹 ;人 ;十 ;小 
九,丿 ;㇈ 
商,亠 ;丷 ;冂 ;八 ;口 
店,广 ;⺊ ;口 
椅,木 ;大 ;一 ;亅 ;口 
同,冂 ;一 ;口 
苹,艹 ;干 ;丷 
果,田 ;木 
饭,饣 ;⺁ ;又 
杯,木 ;一 ;丿 ;卜 
雨,雨 
米,米 
北,北 
京,亠 ;口 ;小 
汉,氵 ;又 
语,讠 ;一 ;力 ;一 ;口 
就,亠 ;口 ;小 ;尢 ;丶 
要,覀 ;女 
知,矢 ;口 
道,辶 ;首 
吧,口 ;丨 ;No glyph available ;丨 ;乚 
到,至 ;刂 
也,乚 ;㇆ ;丨 
还,辶 ;一 ;丿 ;卜 
让,讠 ;⺊ ;一 
给,纟 ;人 ;一 ;口 
过,辶 ;寸 
得,彳 ;日 ;一 ;寸 
真,十 ;目 ;一 ;八 
着,羊 ;目 
可,一 ;亅 ;口 
以,乚 ;丶 ;人 
别,口 ;力 ;刂 
走,走 
告,⺧ ;口 
诉,讠 ;斤 ;丶 
因,囗 ;大 
为,力 ;⺀ 
快,忄 ;No glyph available ;丨 ;人 
但,亻 ;日 ;一 
已,已 
经,纟 ;龴 ;工 
它,宀 ;匕 
从,从 
找,扌 ;戈 
最,曰 ;耳 ;又 
次,冫 ;欠 
孩,子 ;亠 ;丨 ;㇙ ;人 
所,戶 ;斤 
两,一 ;从 ;冂 
错,钅 ;艹 ;一 ;日 
等,⺮ ;土 ;寸 
题,日 ;一 ;龰 ;页 
问,门 ;口 
始,女 ;厶 ;口 
间,门 ;日 
事,十 ;口 ;丨 ;⺺ ;亅 
情,忄 ;青 
非,非 
常,⺌ ;冖 ;口 ;巾 
希,乂 ;𠂇 ;巾 
望,匸 ;丶 ;月 ;王 
准,冫 ;隹 
备,夂 ;田 
比,比 
件,亻 ;牛 
意,音 ;心 
思,田 ;心 
第,⺮ ;弓 ;丨 ;㇒ 
进,辶 ;No glyph available ;二 
新,立 ;十 ;小 ;斤 
您,亻 ;⺈ ;小 ;心 
穿,穴 ;牙 
送,辶 ;丷 ;一 ;大 
玩,王 ;二 ;儿 
长,长 
完,宀 ;二 ;儿 
每,丿 ;一 ;母 
公,八 ;厶 
司,㇆ ;一 ;口 
帮,一 ;二 ;丨 ;阝 ;巾 
助,月 ;一 ;力 
晚,日 ;⺈ ;口 ;丨 ;乚 
门,门 
忙,忄 ;匸 ;丶 
卖,十 ;㇖ ;大 ;⺀ 
房,户 ;方 
路,⻊ ;夂 ;口 
懂,忄 ;艹 ;㇒ ;十 ;里 
正,一 ;止 
笑,⺮ ;㇒ ;大 
远,辶 ;二 ;儿 
妻,十 ;⺺ ;女 
丈,十 ;乂 
夫,人 ;二 
离,亠 ;凵 ;乂 ;禸 
往,彳 ;王 ;丶 
男,田 ;力 
眼,目 ;艮 
睛,目 ;青 
乐,㇒ ;㇗ ;小 
虽,口 ;虫 
然,月 ;犬 ;灬 
早,日 ;十 
药,艹 ;纟 ;勹 ;丶 
身,身 
体,亻 ;木 ;一 
黑,黑 
咖,口 ;力 ;口 
啡,口 ;非 
日,日 
休,亻 ;木 
息,自 ;心 
外,夕 ;卜 
哥,哥 
票,覀 ;示 
手,手 
洗,氵 ;⺧ ;儿 
跳,⻊ ;儿 ;冫 ;No glyph available 
舞,No glyph available ;舛 
弟,丷 ;弓 ;丨 ;㇒ 
妹,女 ;木 ;一 
红,纟 ;工 
慢,忄 ;日 ;罒 ;又 
近,辶 ;斤 
白,白 
介,人 ;No glyph available 
绍,纟 ;刀 ;口 
鱼,鱼 
累,田 ;糸 
课,讠 ;田 ;木 
班,玨 ;丿 ;丶 
旁,亠 ;丷 ;冖 ;方 
边,辶 ;力 
运,辶 ;二 ;厶 
动,二 ;厶 ;力 
报,扌 ;卩 ;又 
纸,纟 ;氏 
颜,立 ;厂 ;彡 ;页 
色,色 
场,土 ;㇎ ;No glyph available 
唱,口 ;昌 
歌,哥 ;欠 
千,㇒ ;十 
考,耂 ;一 ;㇉ 
试,讠 ;弋 ;工 
左,𠂇 ;工 
姓,女 ;生 
百,一 ;白 
雪,雨 ;彐 
贵,口 ;丨 ;一 ;贝 
病,疒 ;一 ;人 ;冂 
游,氵 ;方 ;丿 ;一 ;子 
泳,氵 ;㇆ ;㇇ ;No glyph available ;丶 
牛,牛 
奶,女 ;㇎ ;丿 
右,𠂇 ;口 
便,亻 ;一 ;日 ;丨 ;乂 
宜,宀 ;月 ;一 
共,艹 ;一 ;八 
汽,氵 ;气 
床,广 ;木 
篮,⺮ ;丨 ;丨 ;丿 ;一 ;丶 ;皿 
球,王 ;𠂇 ;丶 ;氺 
鸡,又 ;鸟 
蛋,疋 ;虫 
踢,⻊ ;日 ;勹 ;No glyph available 
足,足 
零,雨 ;人 ;丶 ;龴 
表,龶 ;㇒ ;㇗ ;No glyph available 
旅,方 ;丿 ;一 ;氏 
务,夂 ;力 
员,口 ;贝 
宾,宀 ;兵 
馆,饣 ;宀 ;㠯 
教,耂 ;子 ;⺙ 
室,宀 ;至 
跑,⻊ ;勹 ;巳 
步,止 ;小 ;丿 
阴,阝 ;月 
条,夂 ;十 ;小 
铅,钅 ;几 ;口 
笔,⺮ ;毛 
火,火 
站,立 ;⺊ ;口 
瓜,瓜 
羊,羊 
肉,肉 
晴,日 ;青 
啊,口 ;阝 ;一 ;亅 ;口 
把,扌 ;丨 ;No glyph available ;丨 ;乚 
如,女 ;口 
只,口 ;八 
被,衤 ;皮 
跟,⻊ ;艮 
自,自 
己,己 
用,用 
像,亻 ;⺈ ;口 ;丨 ;勹 ;No glyph available ;No glyph available 
需,雨 ;而 
应,广 ;⺍ ;一 
该,讠 ;亠 ;丨 ;㇙ ;人 
才,𠂇 ;㇒ 
又,又 
拿,人 ;一 ;口 ;手 
更,一 ;日 ;丨 ;乂 
带,川 ;一 ;冖 ;巾 
当,⺌ ;彐 
相,木 ;目 
信,亻 ;言 
直,十 ;目 ;一 
地,土 ;乚 ;㇆ ;丨 
方,方 
定,宀 ;一 ;龰 
发,㇗ ;丨 ;丶 ;又 
而,而 
且,月 ;一 
必,心 ;丿 
须,彡 ;页 
放,方 ;⺙ 
向,宀 ;口 
位,亻 ;立 
种,禾 ;口 ;丨 
其,甘 ;一 ;八 
记,讠 ;己 
或,戈 ;口 ;一 
者,耂 ;日 
担,扌 ;日 ;一 
心,心 
世,㇗ ;廿 
界,田 ;人 ;No glyph available 
重,㇒ ;十 ;里 
张,弓 ;长 
接,扌 ;立 ;女 
赛,宀 ;No glyph available ;二 ;一 ;八 ;贝 
马,马 
决,冫 ;No glyph available ;丨 ;人 
于,干 ;亅 
难,又 ;隹 
解,角 ;刀 ;牛 
结,纟 ;士 ;口 
束,木 ;口 
清,氵 ;青 
楚,林 ;疋 
愿,厂 ;白 ;小 ;心 
花,艹 ;亻 ;匕 
照,日 ;刀 ;口 ;灬 
片,片 
迎,辶 ;㇒ ;㇗ ;卩 
总,丷 ;口 ;心 
嘴,口 ;止 ;匕 ;角 
参,厶 ;大 ;彡 
加,力 ;口 
办,力 ;八 
法,氵 ;土 ;厶 
选,辶 ;⺧ ;儿 
择,扌 ;又 ;二 ;丨 
坏,土 ;一 ;丿 ;卜 
算,⺮ ;目 ;艹 
特,牛 ;土 ;寸 
注,氵 ;王 ;丶 
实,宀 ;大 ;⺀ 
久,勹 ;㇏ 
讲,讠 ;No glyph available ;二 
故,十 ;口 ;⺙ 
换,扌 ;⺈ ;大 ;冂 
婚,女 ;氏 ;日 
段,丨 ;No glyph available ;殳 
努,女 ;又 ;力 
力,力 
害,宀 ;一 ;二 ;丨 ;口 
怕,忄 ;白 
刚,冂 ;乂 ;刂 
节,艹 ;㇆ ;丨 
目,目 
辆,车 ;一 ;从 ;冂 
万,一 ;丿 ;㇆ 
奇,大 ;一 ;亅 ;口 
怪,忄 ;又 ;土 
戏,又 ;戈 
声,士 ;丨 ;No glyph available ;丨 
音,音 
成,一 ;丿 ;㇆ ;戈 
半,二 ;丨 ;丷 
求,𠂇 ;丶 ;氺 
除,阝 ;人 ;干 ;小 
容,宀 ;谷 
易,日 ;勹 ;No glyph available 
脸,月 ;人 ;一 ;⺍ ;一 
简,⺮ ;门 ;日 
单,丷 ;冂 ;二 ;丨 ;十 
检,木 ;人 ;一 ;⺍ ;一 
查,木 ;日 ;一 
越,走 ;匚 ;戈 
顾,厂 ;乚 ;㇆ ;页 
聪,耳 ;丷 ;口 ;心 
甜,舌 ;甘 
突,穴 ;犬 
终,纟 ;夂 ;⺀ 
船,舟 ;几 ;口 
口,口 
答,⺮ ;人 ;一 ;口 
礼,礻 ;乚 
物,牛 ;勹 ;No glyph available 
头,大 ;⺀ 
脚,月 ;土 ;厶 ;卩 
哭,吅 ;犬 
画,一 ;田 ;凵 
轻,车 ;龴 ;工 
包,勹 ;巳 
腿,月 ;辶 ;艮 
忘,匸 ;丶 ;心 
搬,扌 ;舟 ;殳 
楼,木 ;米 ;女 
遇,辶 ;冂 ;二 ;丨 ;禸 
闻,门 ;耳 
较,车 ;亠 ;八 ;乂 
双,双 
城,土 ;一 ;丿 ;㇆ ;戈 
市,亠 ;巾 
附,阝 ;亻 ;寸 
借,亻 ;艹 ;一 ;日 
响,口 ;宀 ;口 
差,羊 ;工 
银,钅 ;艮 
行,行 
安,宀 ;女 
静,青 ;⺈ ;⺕ ;亅 
饿,饣 ;手 ;戈 
根,木 ;艮 
据,扌 ;尸 ;十 ;口 
乎,㇒ ;𠂇 ;丷 
舒,人 ;干 ;口 ;龴 ;㇖ ;亅 
般,舟 ;殳 
叔,⺊ ;一 ;小 ;又 
疼,疒 ;夂 ;⺀ 
迟,辶 ;尸 ;㇏ 
历,厂 ;力 
史,口 ;丨 ;乂 
啤,口 ;冂 ;二 ;丨 ;丶 ;十 
酒,氵 ;酉 
短,矢 ;豆 
周,田 ;口 
末,木 ;一 
惯,忄 ;囗 ;十 ;贝 
园,囗 ;二 ;儿 
干,干 
净,冫 ;⺈ ;⺕ ;亅 
鸟,鸟 
健,亻 ;廴 ;聿 
康,广 ;隶 
树,木 ;又 ;寸 
糕,米 ;羊 ;灬 
元,二 ;儿 
议,讠 ;乂 ;丶 
裤,衤 ;广 ;车 
邻,人 ;丶 ;龴 ;阝 
居,尸 ;十 ;口 
理,王 ;里 
层,尸 ;二 ;厶 
灯,火 ;一 ;亅 
练,纟 ;乚 ;一 ;㇆ ;八 
爷,父 ;㇆ ;丨 
蓝,艹 ;丨 ;丨 ;丿 ;一 ;丶 ;皿 
帽,巾 ;冂 ;二 ;目 
旧,丨 ;日 
满,氵 ;艹 ;一 ;从 ;冂 
骑,马 ;大 ;一 ;亅 ;口 
阳,阝 ;日 
极,木 ;㇎ ;丿 ;㇏ 
主,王 ;丶 
鼻,鼻 
角,角 
变,亠 ;丨 ;亅 ;八 ;又 
化,亻 ;匕 
级,纟 ;㇎ ;丿 ;㇏ 
环,王 ;一 ;丿 ;卜 
境,土 ;音 ;儿 
胖,月 ;二 ;丨 ;丷 
图,囗 ;夂 ;⺀ 
邮,二 ;丨 ;凵 ;阝 
耳,耳 
朵,几 ;木 
裙,衤 ;⺕ ;丨 ;口 
鲜,鱼 ;羊 
聊,耳 ;卯 
南,十 ;冂 ;丷 ;干 
卡,⺊ ;一 ;卜 
梯,木 ;丷 ;弓 ;丨 ;㇒ 
澡,氵 ;品 ;木 
饮,饣 ;欠 
料,米 ;斗 
平,干 ;丷 
业,No glyph available ;丷 ;一 
衬,衤 ;寸 
衫,衤 ;彡 
绩,纟 ;龶 ;贝 
碗,石 ;宀 ;夕 ;乚 ;㇆ 
阿,阝 ;一 ;亅 ;口 
姨,女 ;大 ;弓 
文,文 
绿,纟 ;彐 ;氺 
扫,扌 ;彐 
草,艹 ;日 ;十 
冰,冫 ;水 
箱,⺮ ;木 ;目 
数,米 ;女 ;⺙ 
急,⺈ ;彐 ;心 
瘦,疒 ;臼 ;丨 ;又 
提,扌 ;日 ;一 ;龰 
矮,矢 ;禾 ;女 
铁,钅 ;人 ;二 ;㇒ 
育,亠 ;厶 ;月 
刻,亠 ;丨 ;㇙ ;人 ;刂 
护,扌 ;户 
盘,舟 ;皿 
瓶,丷 ;一 ;廾 ;瓦 
街,行 ;圭 
锻,钅 ;丨 ;No glyph available ;殳 
炼,火 ;乚 ;一 ;㇆ ;八 
感,厂 ;戈 ;一 ;口 ;心 
冒,冂 ;二 ;目 
超,走 ;刀 ;口 
饱,饣 ;勹 ;巳 
香,香 
蕉,艹 ;隹 ;灬 
夏,一 ;自 ;夂 
网,网 
季,禾 ;子 
渴,氵 ;曰 ;勹 ;人 ;㇗ 
烧,火 ;No glyph available ;一 ;儿 
空,穴 ;工 
调,讠 ;田 ;口 
春,一 ;二 ;丨 ;八 ;日 
伞,人 ;十 ;丷 
斤,斤 
熊,厶 ;月 ;No glyph available ;灬 
刷,尸 ;巾 ;刂 
牙,牙 
复,丿 ;一 ;日 ;夂 
冬,夂 ;⺀ 
假,亻 ;尸 ;二 ;No glyph available ;又 
秋,禾 ;火 
句,勹 ;口 
李,木 ;子 
筷,⺮ ;忄 ;No glyph available ;丨 ;人 
皮,皮 
鞋,革 ;圭 
爬,爪 ;丨 ;No glyph available ;丨 ;乚 
山,山 
板,木 ;⺁ ;又 
趣,走 ;耳 ;又 
词,讠 ;㇆ ;一 ;口 
典,No glyph available ;二 ;凵 ;八 
留,卯 ;田 
刮,舌 ;刂 
风,风 
黄,艹 ;一 ;二 ;丨 ;凵 ;八 
河,氵 ;一 ;亅 ;口 
死,歹 ;匕 
许,讠 ;干 ;㇒ 
切,乚 ;一 ;刀 
抱,扌 ;勹 ;巳 
歉,丷 ;一 ;No glyph available ;八 ;⺕ ;欠 
肯,止 ;月 
棒,木 ;一 ;二 ;丨 ;八 ;二 ;丨 
掉,扌 ;⺊ ;日 ;十 
活,氵 ;舌 
之,王 ;丶 ;戈 ;㇝ 
任,亻 ;㇒ ;士 
何,亻 ;一 ;亅 ;口 
与,No glyph available ;一 
弄,王 ;艹 
却,土 ;厶 ;卩 
继,纟 ;㇗ ;米 
续,纟 ;十 ;㇖ ;大 ;⺀ 
够,勹 ;口 ;多 
父,父 
亲,立 ;十 ;小 
全,人 ;王 
谈,讠 ;炎 
警,艹 ;勹 ;口 ;⺙ ;言 
察,宀 ;月 ;卩 ;示 
呀,口 ;牙 
况,冫 ;口 ;儿 
份,亻 ;人 ;刀 
底,广 ;氏 ;丶 
永,㇆ ;㇇ ;No glyph available ;丶 
计,讠 ;十 
划,戈 ;刂 
俩,亻 ;一 ;从 ;冂 
停,亻 ;亠 ;口 ;冖 ;一 ;亅 
敢,No glyph available ;耳 ;⺙ 
赢,匸 ;丶 ;口 ;月 ;几 ;丶 ;贝 
消,氵 ;⺌ ;月 
拉,扌 ;立 
原,厂 ;白 ;小 
连,辶 ;车 
确,石 ;角 
挺,扌 ;廴 ;㇒ ;士 
保,亻 ;口 ;木 
证,讠 ;一 ;止 
受,爫 ;冖 ;又 
改,己 ;⺙ 
麻,麻 
烦,火 ;页 
管,⺮ ;宀 ;㠯 
甚,甘 ;匚 ;儿 
至,至 
律,彳 ;聿 
演,氵 ;宀 ;一 ;二 ;丨 ;凵 ;八 
无,无 
猜,犭 ;青 
咱,口 ;自 
内,人 ;冂 
否,一 ;丿 ;卜 ;口 
功,工 ;力 
虑,虍 ;心 
约,纟 ;勹 ;丶 
通,辶 ;龴 ;用 
母,母 
倒,亻 ;至 ;刂 
释,釆 ;又 ;二 ;丨 
联,耳 ;丷 ;一 ;大 
命,人 ;一 ;口 ;卩 
由,二 ;丨 ;凵 
指,扌 ;匕 ;日 
危,⺈ ;厂 ;乚 ;㇆ 
险,阝 ;人 ;一 ;⺍ ;一 
讨,讠 ;寸 
厌,厂 ;犬 
醒,酉 ;日 ;生 
部,立 ;口 ;阝 
使,亻 ;十 ;口 ;丨 ;乂 
转,车 ;二 ;丨 ;龴 
博,十 ;十 ;用 ;丶 ;寸 
士,士 
紧,丨 ;丨 ;又 ;糸 
弃,亠 ;厶 ;艹 
概,木 ;丨 ;彐 ;乚 ;丶 ;旡 
并,丷 ;一 ;廾 
遍,辶 ;户 ;冂 ;艹 
扔,扌 ;㇎ ;丿 
另,口 ;力 
松,木 ;八 ;厶 
丢,㇒ ;士 ;厶 
负,⺈ ;贝 
责,龶 ;贝 
梦,林 ;夕 
戴,土 ;戈 ;田 ;艹 ;一 ;八 
误,讠 ;口 ;一 ;大 
随,阝 ;辶 ;𠂇 ;月 
支,支 
持,扌 ;土 ;寸 
建,廴 ;聿 
则,贝 ;刂 
光,⺌ ;一 ;儿 
排,扌 ;非 
钥,钅 ;月 
匙,日 ;一 ;龰 ;匕 
首,首 
交,亠 ;八 ;乂 
台,厶 ;口 
坚,丨 ;丨 ;又 ;土 
即,丨 ;彐 ;乚 ;丶 ;卩 
处,夂 ;卜 
挂,扌 ;圭 
怜,忄 ;人 ;丶 ;龴 
骗,马 ;户 ;冂 ;艹 
谅,讠 ;亠 ;口 ;小 
乱,舌 ;乚 
研,石 ;一 ;廾 
究,穴 ;丿 ;㇈ 
扰,扌 ;尢 ;丶 
收,丨 ;㇙ ;⺙ 
秒,禾 ;小 ;丿 
供,亻 ;艹 ;一 ;八 
输,车 ;人 ;一 ;月 ;刂 
码,石 ;马 
座,广 ;土 ;从 
严,一 ;No glyph available ;丷 ;一 ;厂 
脱,月 ;丷 ;口 ;儿 
陪,阝 ;立 ;口 
值,亻 ;十 ;目 ;一 
论,讠 ;人 ;匕 
仍,亻 ;㇎ ;丿 
赶,走 ;干 
怀,忄 ;一 ;丿 ;卜 
疑,匕 ;矢 ;龴 ;疋 
拒,扌 ;匚 ;No glyph available 
绝,纟 ;色 
破,石 ;皮 
此,止 ;匕 
案,宀 ;女 ;木 
既,丨 ;彐 ;乚 ;丶 ;旡 
刀,刀 
适,辶 ;舌 
合,人 ;一 ;口 
失,人 ;二 ;㇒ 
允,厶 ;儿 
获,艹 ;犭 ;犬 
邀,辶 ;白 ;方 ;⺙ 
尽,尸 ;㇏ ;⺀ 
浪,氵 ;艮 ;丶 
费,弓 ;No glyph available ;贝 
败,贝 ;⺙ 
美,羊 ;大 
丽,一 ;No glyph available 
压,厂 ;土 ;丶 
味,口 ;木 ;一 
厉,厂 ;一 ;丿 ;㇆ 
奋,大 ;田 
观,又 ;见 
众,众 
反,⺁ ;又 
精,米 ;青 
彩,爫 ;木 ;彡 
愉,忄 ;人 ;一 ;月 ;刂 
杂,丿 ;㇈ ;十 ;小 
志,士 ;心 
广,广 
深,氵 ;⺳ ;木 
取,耳 ;又 
帅,No glyph available ;巾 
推,扌 ;隹 
键,钅 ;廴 ;聿 
竟,音 ;儿 
恐,工 ;几 ;丶 ;心 
躺,身 ;⺌ ;冂 ;口 
聚,耳 ;又 ;乑 
幸,土 ;丷 ;干 
福,礻 ;一 ;口 ;田 
技,扌 ;支 
术,木 ;丶 
困,囗 ;木 
激,氵 ;白 ;方 ;⺙ 
骄,马 ;㇒ ;大 ;No glyph available 
傲,亻 ;龶 ;一 ;丿 ;㇆ ;⺙ 
毛,毛 
顺,川 ;页 
利,禾 ;刂 
职,耳 ;口 ;八 
赚,贝 ;丷 ;一 ;No glyph available ;八 ;⺕ 
址,土 ;止 
拾,扌 ;人 ;一 ;口 
围,囗 ;韦 
尊,丷 ;酉 ;寸 
授,扌 ;爫 ;冖 ;又 
寄,宀 ;大 ;一 ;亅 ;口 
低,亻 ;氏 ;丶 
剩,禾 ;北 ;刂 
社,礻 ;土 
示,示 
印,㇒ ;㇗ ;一 ;卩 
象,⺈ ;口 ;丨 ;勹 ;No glyph available ;No glyph available 
估,亻 ;十 ;口 
举,⺍ ;一 ;八 ;二 ;丨 
伙,亻 ;火 
著,艹 ;耂 ;日 
免,⺈ ;口 ;丨 ;乚 
伤,亻 ;丿 ;一 ;力 
仔,亻 ;子 
细,纟 ;田 
巧,工 ;一 ;㇉ 
克,十 ;口 ;儿 
辣,辛 ;木 ;口 
互,一 ;彑 
厕,厂 ;贝 ;刂 
程,禾 ;口 ;王 
申,日 ;丨 
引,弓 ;丨 
展,尸 ;艹 ;一 ;乚 ;No glyph available 
毕,比 ;十 
式,弋 ;工 
厨,厂 ;豆 ;寸 
专,二 ;丨 ;龴 
吸,口 ;㇎ ;丿 ;㇏ 
祝,礻 ;口 ;儿 
贺,力 ;口 ;贝 
糖,米 ;广 ;⺺ ;口 
趟,走 ;⺌ ;冂 ;口 
密,宀 ;心 ;丿 ;山 
倍,亻 ;立 ;口 
擦,扌 ;宀 ;月 ;卩 ;示 
尤,尢 ;丶 
验,马 ;人 ;一 ;⺍ ;一 
盒,人 ;一 ;口 ;皿 
脏,月 ;广 ;土 
艺,艹 ;㇠ 
速,辶 ;木 ;口 
度,广 ;廿 ;又 
勇,龴 ;田 ;力 
暂,车 ;斤 ;日 
优,亻 ;尢 ;丶 
秀,禾 ;㇎ ;丿 
惜,忄 ;艹 ;一 ;日 
省,小 ;丿 ;目 
笨,⺮ ;木 ;一 
科,禾 ;斗 
餐,歺 ;又 ;食 
厅,厂 ;一 ;亅 
各,夂 ;口 
距,⻊ ;匚 ;No glyph available 
窗,穴 ;囗 ;丶 ;夂 
户,户 
悔,忄 ;丿 ;一 ;母 
规,人 ;二 ;见 
效,亠 ;八 ;乂 ;⺙ 
金,金 
童,立 ;里 
篇,⺮ ;户 ;冂 ;艹 
漫,氵 ;日 ;罒 ;又 
态,大 ;丶 ;心 
惊,忄 ;亠 ;口 ;小 
熟,亠 ;口 ;子 ;丿 ;㇈ ;丶 ;灬 
悉,釆 ;心 
按,扌 ;宀 ;女 
纪,纟 ;己 
忆,忄 ;㇠ 
肤,月 ;人 ;二 
区,匚 ;乂 
页,页 
章,立 ;日 ;十 
言,言 
标,木 ;示 
桥,木 ;㇒ ;大 ;No glyph available 
肚,月 ;土 
仅,亻 ;又 
饼,饣 ;丷 ;一 ;廾 
际,阝 ;示 
抬,扌 ;厶 ;口 
竞,立 ;口 ;儿 
争,⺈ ;⺕ ;亅 
汤,氵 ;㇎ ;No glyph available 
诚,讠 ;一 ;丿 ;㇆ ;戈 
存,𠂇 ;亻 ;子 
扮,扌 ;八 ;刀 
流,氵 ;亠 ;厶 ;儿 ;丨 
龄,齿 ;人 ;丶 ;龴 
符,⺮ ;亻 ;寸 
稍,禾 ;⺌ ;月 
微,彳 ;山 ;⺙ ;一 ;几 
增,土 ;丷 ;口 ;丨 ;丷 ;日 
敲,高 ;攴 
苦,艹 ;十 ;口 
辛,辛 
耐,而 ;寸 
将,丬 ;小 ;扌 ;亠 ;从 ;十 
沙,氵 ;小 ;丿 
禁,林 ;示 
止,止 
济,氵 ;齐 
购,贝 ;勹 ;厶 
抽,扌 ;二 ;丨 ;凵 
烟,火 ;囗 ;大 
航,舟 ;亠 ;几 
貌,豸 ;白 ;儿 
判,二 ;丨 ;丷 ;刂 
断,㇗ ;米 ;斤 
胳,月 ;夂 ;口 
膊,月 ;十 ;用 ;丶 ;寸 
整,木 ;口 ;⺙ ;一 ;止 
森,森 
林,林 
量,日 ;一 ;里 
镜,钅 ;音 ;儿 
播,扌 ;釆 ;田 
弹,弓 ;丷 ;冂 ;二 ;丨 ;十 
钢,钅 ;冂 ;乂 
琴,玨 ;人 ;丶 ;㇇ 
尝,⺌ ;冖 ;二 ;厶 
材,木 ;𠂇 ;㇒ 
详,讠 ;羊 
降,阝 ;夂 ;十 ;㇗ ;丨 
落,艹 ;氵 ;夂 ;口 
格,木 ;夂 ;口 
偶,亻 ;冂 ;二 ;丨 ;禸 
尔,⺈ ;小 
谊,讠 ;宀 ;月 ;一 
脾,月 ;冂 ;二 ;丨 ;丶 ;十 
价,亻 ;人 ;No glyph available 
性,忄 ;生 
鼓,鼓 
励,厂 ;一 ;丿 ;㇆ ;力 
及,㇎ ;丿 ;㇏ 
迷,辶 ;米 
棵,木 ;田 ;木 
资,冫 ;欠 ;贝 
散,艹 ;一 ;月 ;⺙ 
奖,丬 ;夕 ;大 
幽,山 ;𢆶 
默,黑 ;犬 
孙,子 ;小 
汗,氵 ;干 
入,入 
酸,酉 ;厶 ;八 ;夂 
羞,羊 ;刀 ;二 
基,甘 ;一 ;八 ;土 
础,石 ;出 
积,禾 ;口 ;八 
富,宀 ;一 ;口 ;田 
袜,衤 ;木 ;一 
恼,忄 ;亠 ;凵 ;乂 
修,亻 ;丨 ;⺙ ;彡 
减,冫 ;厂 ;戈 ;一 ;口 
戚,厂 ;戈 ;⺊ ;一 ;小 
丰,一 ;二 ;丨 
汁,氵 ;十 
巾,巾 
海,氵 ;丿 ;一 ;母 
洋,氵 ;羊 
批,扌 ;比 
评,讠 ;干 ;丷 
队,阝 ;人 
例,亻 ;歹 ;刂 
植,木 ;十 ;目 ;一 
穷,穴 ;力 
具,目 ;一 ;八 
盐,土 ;卜 ;皿 
温,氵 ;日 ;皿 
逛,辶 ;犭 ;王 
厚,厂 ;日 ;子 
亚,一 ;No glyph available ;丷 ;一 
洲,氵 ;州 
傅,亻 ;十 ;用 ;丶 ;寸 
污,氵 ;二 ;㇉ 
染,氵 ;丿 ;㇈ ;木 
肥,月 ;丨 ;No glyph available ;丨 ;乚 
缺,缶 ;No glyph available ;丨 ;人 
虎,虍 ;几 
云,二 ;厶 
质,⺁ ;十 ;贝 
卫,㇆ ;丨 ;一 
招,扌 ;刀 ;口 
呼,口 ;㇒ ;𠂇 ;丷 
阅,门 ;丷 ;口 ;儿 
封,圭 ;寸 
序,广 ;龴 ;㇖ ;亅 
暑,日 ;耂 ;日 
乘,禾 ;北 
油,氵 ;二 ;丨 ;凵 
羡,羊 ;冫 ;欠 
慕,艹 ;日 ;大 ;丨 ;㇒ ;No glyph available 
暖,日 ;爫 ;干 ;又 
懒,忄 ;木 ;口 ;⺈ ;贝 
民,巳 ;㇂ ;一 
族,方 ;丿 ;一 ;矢 
传,亻 ;二 ;丨 ;龴 
垃,土 ;立 
圾,土 ;㇎ ;丿 ;㇏ 
桶,木 ;龴 ;用 
葡,艹 ;勹 ;十 ;用 ;丶 
萄,艹 ;勹 ;缶 
景,日 ;亠 ;口 ;小 
闹,门 ;亠 ;巾 
郊,亠 ;八 ;乂 ;阝 
咳,口 ;亠 ;丨 ;㇙ ;人 
嗽,口 ;木 ;口 ;欠 
签,⺮ ;人 ;一 ;⺍ ;一 
咸,厂 ;戈 ;一 ;口 
泼,氵 ;㇗ ;丨 ;丶 ;又 
局,尸 ;㇆ ;口 
膏,亠 ;口 ;冖 ;口 ;月 
勺,勹 ;丶 
付,亻 ;寸 
款,士 ;示 ;欠 
扬,扌 ;㇎ ;No glyph available 
针,钅 ;十 
普,丷 ;一 ;No glyph available ;丷 ;一 ;日 
堵,土 ;耂 ;日 
叶,口 ;十 
折,扌 ;斤 
列,歹 ;刂 
凉,冫 ;亠 ;口 ;小 
塑,丷 ;一 ;屮 ;月 ;土 
袋,亻 ;弋 ;衣 
导,巳 ;寸 
柿,木 ;亠 ;巾 
聘,耳 ;二 ;丨 ;凵 ;一 ;㇉ 
硕,石 ;页 
乒,斤 ;一 ;丿 
乓,斤 ;一 ;丶 
橡,木 ;⺈ ;口 ;丨 ;勹 ;No glyph available ;No glyph available 
矿,石 ;广 
泉,白 ;水 
拜,龵 ;一 ;一 ;二 ;丨 
饺,饣 ;亠 ;八 ;乂 
籍,⺮ ;耒 ;艹 ;一 ;日 
售,隹 ;口 
货,亻 ;匕 ;贝 
翻,釆 ;田 ;羽 
译,讠 ;又 ;二 ;丨 
粗,米 ;月 ;一 
养,羊 ;八 ;No glyph available 
登,癶 ;豆 
牌,片 ;冂 ;二 ;丨 ;丶 ;十 
占,⺊ ;口 
线,纟 ;戋 
羽,羽 
烤,火 ;耂 ;一 ;㇉ 
鸭,冂 ;二 ;丨 ;鸟 
寒,宀 ;No glyph available ;二 ;一 ;八 ;⺀ 
江,氵 ;工 
预,龴 ;㇖ ;亅 ;页 
填,土 ;十 ;目 ;一 ;八 
剧,尸 ;十 ;口 ;刂 
嗯,口 ;囗 ;大 ;心 
杀,乂 ;十 ;小 
搞,扌 ;高 
宝,宀 ;玉 
贝,贝 
枪,木 ;人 ;乚 ;㇆ 
兄,口 ;儿 
抓,扌 ;爪 
救,𠂇 ;丶 ;氺 ;⺙ 
唯,口 ;隹 
拍,扌 ;白 
呆,口 ;木 
派,氵 ;⺁ ;匚 ;No glyph available 
靠,⺧ ;口 ;非 
曾,丷 ;口 ;丨 ;丷 ;日 
统,纟 ;亠 ;厶 ;儿 
控,扌 ;穴 ;工 
制,牛 ;巾 ;刂 
偷,亻 ;人 ;一 ;月 ;刂 
哈,口 ;人 ;一 ;口 
糟,米 ;艹 ;No glyph available ;二 ;凵 ;日 
庭,广 ;廴 ;㇒ ;士 
装,丬 ;士 ;衣 
秘,禾 ;心 ;丿 
血,血 
瞧,目 ;隹 ;灬 
疯,疒 ;风 
狂,犭 ;王 
录,彐 ;氺 
傻,亻 ;囗 ;丶 ;乂 ;八 ;夂 
阻,阝 ;月 ;一 
神,礻 ;日 ;丨 
碰,石 ;丷 ;一 ;No glyph available ;丷 ;一 
滚,氵 ;衣 ;八 ;厶 
类,米 ;大 
冲,冫 ;口 ;丨 
套,大 ;镸 
姑,女 ;十 ;口 
娘,女 ;艮 ;丶 
痛,疒 ;龴 ;用 
组,纟 ;月 ;一 
代,亻 ;弋 
义,乂 ;丶 
承,㇖ ;水 ;一 ;二 
显,日 ;No glyph available ;丷 ;一 
政,一 ;止 ;⺙ 
府,广 ;亻 ;寸 
未,木 ;一 
吓,口 ;一 ;卜 
治,氵 ;厶 ;口 
疗,疒 ;㇇ ;亅 
织,纟 ;口 ;八 
婆,氵 ;皮 ;女 
置,罒 ;十 ;目 ;一 
撞,扌 ;立 ;里 
似,亻 ;乚 ;丶 ;人 
令,人 ;丶 ;龴 
威,厂 ;戈 ;一 ;女 
胁,月 ;力 ;八 
享,亠 ;口 ;子 
战,⺊ ;口 ;戈 
恭,艹 ;一 ;八 ;丨 ;㇒ ;No glyph available 
恨,忄 ;艮 
训,讠 ;川 
模,木 ;艹 ;日 ;大 
旦,日 ;一 
追,辶 ;㠯 ;丶 
群,⺕ ;丨 ;口 ;羊 
雷,雨 ;田 
夜,亠 ;亻 ;夂 ;丶 
属,尸 ;㇒ ;虫 ;冂 
锁,钅 ;⺌ ;贝 
英,艹 ;大 ;冂 
雄,𠂇 ;厶 ;隹 
吻,口 ;勹 ;No glyph available 
逃,辶 ;儿 ;冫 ;No glyph available 
寓,宀 ;冂 ;二 ;丨 ;禸 
寻,彐 ;寸 
烂,火 ;丷 ;一 ;二 
欠,欠 
食,食 
遗,辶 ;口 ;丨 ;一 ;贝 
憾,忄 ;厂 ;戈 ;一 ;口 ;心 
设,讠 ;殳 
醉,酉 ;亠 ;从 ;十 
私,禾 ;厶 
某,甘 ;木 
伟,亻 ;韦 
臭,自 ;犬 
颗,田 ;木 ;页 
朝,十 ;日 ;十 ;月 
顿,十 ;屮 ;乚 ;页 
括,扌 ;舌 
堆,土 ;隹 
俱,亻 ;目 ;一 ;八 
咬,口 ;亠 ;八 ;乂 
造,辶 ;⺧ ;口 
充,亠 ;厶 ;儿 
抢,扌 ;人 ;乚 ;㇆ 
恢,忄 ;𠂇 ;火 
孕,㇎ ;丿 ;子 
姻,女 ;囗 ;大 
圈,囗 ;二 ;丨 ;丷 ;八 ;乚 ;㇆ 
项,工 ;页 
吵,口 ;小 ;丿 
权,木 ;又 
冠,冖 ;二 ;儿 ;寸 
军,冖 ;车 
敌,舌 ;⺙ 
背,北 ;月 
猪,犭 ;耂 ;日 
嫁,女 ;宀 ;豕 
挑,扌 ;儿 ;冫 ;No glyph available 
状,丬 ;犬 
彼,彳 ;皮 
达,辶 ;大 
立,立 
吐,口 ;土 
待,彳 ;土 ;寸 
庆,广 ;大 
吹,口 ;欠 
王,王 
集,隹 ;木 
胜,月 ;生 
官,宀 ;㠯 
独,犭 ;虫 
器,㗊 ;犬 
墙,土 ;土 ;丷 ;回 
彻,彳 ;乚 ;一 ;刀 
摆,扌 ;罒 ;土 ;厶 
殊,歹 ;木 ;一 ;㇒ 
兵,兵 
屋,尸 ;至 
退,辶 ;艮 
戒,戈 ;艹 
洞,氵 ;冂 ;一 ;口 
品,品 
产,立 ;厂 
布,𠂇 ;巾 
触,角 ;虫 
矩,矢 ;匚 ;No glyph available 
析,木 ;斤 
致,至 ;⺙ 
宣,宀 ;一 ;日 ;一 
炸,火 ;丿 ;一 ;丨 ;二 
念,人 ;丶 ;㇇ ;心 
炒,火 ;小 ;丿 
绪,纟 ;耂 ;日 
创,人 ;乚 ;㇆ ;刂 
范,艹 ;氵 ;乚 ;㇆ 
称,禾 ;⺈ ;小 
石,石 
顶,一 ;亅 ;页 
喊,口 ;厂 ;戈 ;一 ;口 
迹,辶 ;亠 ;丨 ;亅 ;八 
媒,女 ;甘 ;木 
匹,匚 ;儿 
谓,讠 ;田 ;月 
辈,非 ;车 
巨,匚 ;No glyph available 
刺,木 ;冂 ;刂 
凭,亻 ;㇒ ;士 ;几 
废,广 ;㇗ ;丨 ;丶 ;又 
掌,⺌ ;冖 ;口 ;手 
握,扌 ;尸 ;至 
脖,月 ;十 ;冖 ;子 
欣,斤 ;欠 
赏,⺌ ;冖 ;口 ;贝 
鼠,鼠 
龙,龙 
盖,羊 ;皿 
移,禾 ;多 
滑,氵 ;骨 
摸,扌 ;艹 ;日 ;大 
闭,门 ;𠂇 ;㇒ 
幻,幺 ;㇆ 
甩,甩 
伴,亻 ;二 ;丨 ;丷 
插,扌 ;㇒ ;十 ;臼 
碎,石 ;亠 ;从 ;十 
稳,禾 ;⺈ ;彐 ;心 
敬,艹 ;勹 ;口 ;⺙ 
玻,王 ;皮 
璃,王 ;亠 ;凵 ;乂 ;禸 
强,弓 ;口 ;虫 
砍,石 ;欠 
土,土 
怨,夕 ;乚 ;㇆ ;心 
尚,⺌ ;冂 ;口 
毒,龶 ;母 
硬,石 ;一 ;日 ;丨 ;乂 
娶,耳 ;又 ;女 
投,扌 ;殳 
魅,鬼 ;木 ;一 
恋,亠 ;丨 ;亅 ;八 ;心 
团,囗 ;𠂇 ;㇒ 
筑,⺮ ;工 ;几 ;丶 
损,扌 ;口 ;贝 
豪,亠 ;口 ;冖 ;豕 
幅,巾 ;一 ;口 ;田 
骨,骨 
踩,⻊ ;爫 ;木 
胸,月 ;勹 ;凵 ;乂 
蛇,虫 ;宀 ;匕 
乖,㇒ ;十 ;北 
姿,冫 ;欠 ;女 
势,扌 ;丿 ;㇈ ;丶 ;力 
瞎,目 ;宀 ;一 ;二 ;丨 ;口 
卧,臣 ;卜 
哎,口 ;艹 ;乂 
辞,舌 ;辛 
搜,扌 ;臼 ;丨 ;又 
索,十 ;冖 ;糸 
厂,厂 
络,纟 ;夂 ;口 
晕,日 ;冖 ;车 
拥,扌 ;用 
领,人 ;丶 ;龴 ;页 
齿,齿 
绕,纟 ;No glyph available ;一 ;儿 
驾,力 ;口 ;马 
驶,马 ;口 ;丨 ;乂 
财,贝 ;𠂇 ;㇒ 
架,力 ;口 ;木 
欧,匚 ;乂 ;欠 
挡,扌 ;⺌ ;彐 
避,辶 ;尸 ;口 ;辛 
捡,扌 ;人 ;一 ;⺍ ;一 
猴,犭 ;亻 ;No glyph available ;矢 
采,爫 ;木 
型,一 ;廾 ;刂 ;土 
升,艹 ;㇒ 
暗,日 ;音 
胡,十 ;口 ;月 
挥,扌 ;冖 ;车 
丑,刀 ;二 
依,亻 ;衣 
蹲,⻊ ;丷 ;酉 ;寸 
滴,氵 ;亠 ;丷 ;欠 ;子 
临,丨 ;丨 ;丿 ;一 ;丶 ;口 ;丨 
诗,讠 ;土 ;寸 
唉,口 ;厶 ;矢 
仿,亻 ;方 
访,讠 ;方 
烈,歹 ;刂 ;灬 
挣,扌 ;⺈ ;⺕ ;亅 
阶,阝 ;人 ;No glyph available 
违,辶 ;韦 
频,止 ;小 ;丿 ;页 
射,身 ;寸 
击,二 ;丨 ;山 
伸,亻 ;日 ;丨 
形,一 ;廾 ;彡 
兔,⺈ ;口 ;丨 ;乚 ;丶 
绳,纟 ;黾 
霉,雨 ;丿 ;一 ;母 
劲,龴 ;工 ;力 
德,彳 ;𢛳 
慰,尸 ;示 ;寸 ;心 
肌,月 ;几 
娱,女 ;口 ;一 ;大 
睁,目 ;⺈ ;⺕ ;亅 
趁,走 ;人 ;彡 
敏,丿 ;一 ;母 ;⺙ 
遵,辶 ;丷 ;酉 ;寸 
守,宀 ;寸 
煮,耂 ;日 ;灬 
拆,扌 ;斤 ;丶 
骂,吅 ;马 
讽,讠 ;风 
圆,囗 ;口 ;贝 
沉,氵 ;冖 ;几 
肃,⺺ ;No glyph available ;小 
配,酉 ;己 
逗,辶 ;豆 
摇,扌 ;爫 ;缶 
肩,户 ;月 
膀,月 ;亠 ;丷 ;冖 ;方 
隔,阝 ;鬲 
壁,尸 ;口 ;辛 ;土 
漠,氵 ;艹 ;日 ;大 
亿,亻 ;㇠ 
营,艹 ;冖 ;吕 
席,广 ;廿 ;巾 
链,钅 ;辶 ;车 
劝,又 ;力 
玉,玉 
灰,𠂇 ;火 
宠,宀 ;龙 
限,阝 ;艮 
烫,氵 ;㇎ ;No glyph available ;火 
善,羊 ;丷 ;一 ;口 
良,艮 ;丶 
智,矢 ;口 ;日 
慧,No glyph available ;彐 ;心 
漏,氵 ;尸 ;雨 
氛,气 ;八 ;刀 
编,纟 ;户 ;冂 ;艹 
辑,车 ;口 ;耳 
柔,矛 ;木 
益,丷 ;一 ;八 ;皿 
询,讠 ;勹 ;日 
捐,扌 ;口 ;月 
销,钅 ;⺌ ;月 
衡,行 ;⺈ ;田 ;大 
措,扌 ;艹 ;一 ;日 
施,方 ;丿 ;一 ;乚 ;㇆ ;丨 
胃,田 ;月 
裹,衣 ;田 ;木 
妇,女 ;彐 
毯,毛 ;炎 
宴,宀 ;日 ;女 
替,㚘 ;日 
脆,月 ;⺈ ;厂 ;乚 ;㇆ 
版,片 ;⺁ ;又 
乏,㇒ ;王 ;丶 ;戈 ;㇝ 
蜜,宀 ;心 ;丿 ;虫 
蜂,虫 ;夂 ;一 ;二 ;丨 
夸,大 ;二 ;㇉ 
荐,艹 ;𠂇 ;亻 ;子 
撕,扌 ;甘 ;一 ;八 ;斤 
糊,米 ;十 ;口 ;月 
涂,氵 ;人 ;干 ;小 
咨,冫 ;欠 ;口 
燃,火 ;月 ;犬 ;灬 
华,亻 ;匕 ;十 
青,青 
软,车 ;欠 
扶,扌 ;人 ;二 
闯,门 ;马 
闪,门 ;人 
摄,扌 ;耳 ;双 
库,广 ;车 
滩,氵 ;又 ;隹 
赞,兟 ;贝 
摩,麻 ;手 
托,扌 ;㇒ ;乚 ;一 
矛,矛 
盾,⺁ ;十 ;目 
域,土 ;戈 ;口 ;一 
池,氵 ;乚 ;㇆ ;丨 
乡,No glyph available ;丿 
迅,辶 ;㇠ ;十 
途,辶 ;人 ;干 ;小 
弱,弱 
妨,女 ;方 
碍,石 ;日 ;一 ;寸 
饰,饣 ;丿 ;一 ;巾 
诊,讠 ;人 ;彡 
源,氵 ;厂 ;白 ;小 
腰,月 ;西 ;女 
贷,亻 ;弋 ;贝 
胆,月 ;日 ;一 
鬼,鬼 
钓,钅 ;勹 ;丶 
震,雨 ;辰 
初,衤 ;刀 
摘,扌 ;亠 ;丷 ;欠 ;子 
贡,工 ;贝 
献,十 ;冂 ;丷 ;干 ;犬 
账,贝 ;长 
股,月 ;殳 
执,扌 ;丿 ;㇈ ;丶 
沟,氵 ;勹 ;厶 
披,扌 ;皮 
寂,宀 ;⺊ ;一 ;小 ;又 
寞,宀 ;艹 ;日 ;大 
亏,二 ;㇉ 
固,囗 ;十 ;口 
册,册 
俊,亻 ;厶 ;八 ;夂 
木,木 
陌,阝 ;一 ;白 
余,人 ;干 ;小 
歪,一 ;丿 ;卜 ;一 ;止 
歇,曰 ;勹 ;人 ;㇗ ;欠 
谨,讠 ;廿 ;口 ;丨 ;王 
慎,忄 ;十 ;目 ;一 ;八 
甲,冂 ;二 ;丨 
犹,犭 ;尢 ;丶 
豫,龴 ;㇖ ;亅 ;⺈ ;口 ;丨 ;勹 ;No glyph available ;No glyph available 
企,人 ;止 
载,土 ;戈 ;车 
狮,犭 ;No glyph available ;一 ;巾 
征,彳 ;一 ;止 
忍,刀 ;丶 ;心 
冻,冫 ;乚 ;一 ;小 
晒,日 ;西 
素,龶 ;糸 
操,扌 ;品 ;木 
雾,雨 ;夂 ;力 
豆,豆 
翅,支 ;羽 
肠,月 ;㇎ ;No glyph available 
届,尸 ;二 ;丨 ;凵 
宽,宀 ;艹 ;见 
蝴,虫 ;十 ;口 ;月 
蝶,虫 ;㇗ ;廿 ;木 
裁,土 ;戈 ;衣 
尾,尸 ;毛 
巴,丨 ;No glyph available ;丨 ;乚 
屉,尸 ;㇗ ;廿 
剪,丷 ;一 ;月 ;刂 ;刀 
阵,阝 ;车 
狡,犭 ;亠 ;八 ;乂 
猾,犭 ;骨 
厦,厂 ;一 ;自 ;夂 
构,木 ;勹 ;厶 
洒,氵 ;西 
辩,辡 ;讠 
摔,扌 ;亠 ;幺 ;冫 ;No glyph available ;十 
忽,勹 ;No glyph available ;心 
赔,贝 ;立 ;口 
偿,亻 ;⺌ ;冖 ;二 ;厶 
逻,辶 ;罒 ;夕 
皂,白 ;乚 ;一 
拦,扌 ;丷 ;一 ;二 
逐,辶 ;豕 
渐,氵 ;车 ;斤 
蔬,艹 ;⺪ ;亠 ;厶 ;儿 ;丨 
珍,王 ;人 ;彡 
斗,斗 
培,土 ;立 ;口 
锅,钅 ;口 ;人 ;冂 
秩,禾 ;人 ;二 ;㇒ 
催,亻 ;山 ;隹 
铃,钅 ;人 ;丶 ;龴 
薄,艹 ;氵 ;十 ;用 ;丶 ;寸 
税,禾 ;丷 ;口 ;儿 
宿,宀 ;亻 ;一 ;白 
舍,人 ;干 ;口 
痒,疒 ;羊 
浓,氵 ;巾 ;㇒ ;㇗ ;No glyph available 
佛,亻 ;弓 ;No glyph available 
宁,宀 ;一 ;亅 
桃,木 ;儿 ;冫 ;No glyph available 
耽,耳 ;巾 ;乚 
核,木 ;亠 ;丨 ;㇙ ;人 
维,纟 ;隹 
麦,麦 
补,衤 ;卜 
嘉,士 ;口 ;丷 ;一 ;力 ;口 
浅,氵 ;戋 
抖,扌 ;斗 
贴,贝 ;⺊ ;口 
飘,覀 ;示 ;风 
凌,冫 ;土 ;八 ;夂 
髦,髟 ;毛 
测,氵 ;贝 ;刂 
县,月 ;一 ;厶 
虹,虫 ;工 
均,土 ;勹 ;亠 
劳,艹 ;冖 ;力 
扩,扌 ;广 
纯,纟 ;十 ;屮 ;乚 
润,氵 ;门 ;王 
帘,穴 ;巾 
丝,No glyph available ;一 
毫,亠 ;口 ;冖 ;毛 
椒,木 ;⺊ ;一 ;小 ;又 
涨,氵 ;弓 ;长 
跃,⻊ ;㇒ ;大 
览,丨 ;丨 ;丿 ;一 ;丶 ;见 
删,册 ;刂 
腐,广 ;亻 ;寸 ;肉 
舅,臼 ;田 ;力 
含,人 ;丶 ;㇇ ;口 
农,巾 ;㇒ ;㇗ ;No glyph available 
恶,一 ;No glyph available ;丷 ;一 ;心 
劣,小 ;丿 ;力 
哲,扌 ;斤 ;口 
映,日 ;大 ;冂 
柜,木 ;匚 ;No glyph available 
眉,丨 ;No glyph available ;丨 ;目 
抄,扌 ;小 ;丿 
悄,忄 ;⺌ ;月 
贸,卯 ;贝 
辅,车 ;十 ;用 ;丶 
厢,厂 ;木 ;目 
递,辶 ;丷 ;弓 ;丨 ;㇒ 
浇,氵 ;No glyph available ;一 ;儿 
艰,又 ;艮 
嗓,口 ;叒 ;木 
召,刀 ;口 
佩,亻 ;几 ;一 ;巾 
幼,幺 ;力 
启,户 ;口 
吨,口 ;十 ;屮 ;乚 
盆,八 ;刀 ;皿 
匆,勹 ;No glyph available ;丶 
柴,止 ;匕 ;木 
淡,氵 ;炎 
嫩,女 ;木 ;口 ;⺙ 
综,纟 ;宀 ;示 
古,十 ;口 
壶,士 ;冖 ;No glyph available ;丷 ;一 
延,廴 ;㇒ ;止 
兼,丷 ;一 ;No glyph available ;八 ;⺕ 
岸,山 ;厂 ;干 
订,讠 ;一 ;亅 
率,亠 ;幺 ;冫 ;No glyph available ;十 
防,阝 ;方 
缓,纟 ;爫 ;干 ;又 
闲,门 ;木 
谦,讠 ;丷 ;一 ;No glyph available ;八 ;⺕ 
虚,虍 ;No glyph available ;丷 ;一 
昆,日 ;比 
虫,虫 
泪,氵 ;目 
勿,勹 ;No glyph available 
淘,氵 ;勹 ;缶 
挤,扌 ;齐 
透,辶 ;禾 ;㇎ ;丿 
梨,禾 ;刂 ;木 
灵,彐 ;火 
躲,身 ;几 ;木 
藏,艹 ;爿 ;厂 ;戈 ;臣 
革,革 
档,木 ;⺌ ;彐 
践,⻊ ;戋 
尘,小 ;土 
厘,厂 ;里 
紫,止 ;匕 ;糸 
盼,目 ;八 ;刀 
陆,阝 ;二 ;丨 ;山 
惭,忄 ;车 ;斤 
愧,忄 ;鬼 
浏,氵 ;文 ;刂 
醋,酉 ;艹 ;一 ;日 
胶,月 ;亠 ;八 ;乂 
塘,土 ;广 ;⺺ ;口 
坦,土 ;日 ;一 
疲,疒 ;皮 
齐,齐 
眠,目 ;巳 ;㇂ ;一 
轮,车 ;人 ;匕 
罚,罒 ;讠 ;刂 
糙,米 ;辶 ;⺧ ;口 
叉,又 ;丶 
妙,女 ;小 ;丿 
迫,辶 ;白 
苗,艹 ;田 
熬,龶 ;一 ;丿 ;㇆ ;⺙ ;灬 
描,扌 ;艹 ;田 
绸,纟 ;田 ;口 
汇,氵 ;匚 
骤,马 ;耳 ;又 ;乑 
武,一 ;弋 ;止 
潮,氵 ;十 ;日 ;十 ;月 
湿,氵 ;日 ;No glyph available ;丷 ;一 
悲,非 ;心 
粮,米 ;艮 ;丶 
促,亻 ;足 
叙,人 ;干 ;小 ;又 
述,辶 ;木 ;丶 
燥,火 ;品 ;木 
惠,十 ;日 ;丨 ;No glyph available ;心 
泛,氵 ;㇒ ;王 ;丶 ;戈 ;㇝ 
窄,穴 ;丿 ;一 ;丨 ;二 
斜,人 ;干 ;小 ;斗 
恳,艮 ;心 
乙,乙 
趋,走 ;⺈ ;彐 
繁,丿 ;一 ;母 ;⺙ ;糸 
荣,艹 ;冖 ;木 
慌,忄 ;艹 ;匸 ;丶 ;儿 ;丨 
梳,木 ;亠 ;厶 ;儿 ;丨 
桔,木 ;士 ;口 
姥,女 ;老 
幕,艹 ;日 ;大 ;巾 
勤,廿 ;口 ;丨 ;王 ;力 
棋,木 ;甘 ;一 ;八 
兑,丷 ;口 ;儿 
傍,亻 ;亠 ;丷 ;冖 ;方 
夹,人 ;二 ;丷 
缩,纟 ;宀 ;亻 ;一 ;白 
振,扌 ;辰 
岛,㇆ ;㇉ ;丶 ;丶 ;山 
屿,山 ;No glyph available ;一 
纷,纟 ;八 ;刀 
竹,竹 
朗,丨 ;彐 ;乚 ;丶 ;丶 ;月 
喷,口 ;十 ;艹 ;贝 
嚏,口 ;十 ;冖 ;田 ;疋 
酱,丬 ;夕 ;酉 
悠,亻 ;丨 ;⺙ ;心 
奈,大 ;示 
寿,一 ;二 ;丨 ;寸 
卷,二 ;丨 ;丷 ;八 ;乚 ;㇆ 
委,禾 ;女 
屈,尸 ;出 
村,木 ;寸 
夕,夕 
押,扌 ;冂 ;二 ;丨 
俗,亻 ;谷 
返,辶 ;⺁ ;又 
倡,亻 ;昌 
拐,扌 ;口 ;力 
弯,亠 ;丨 ;亅 ;八 ;弓 
愁,禾 ;火 ;心 
略,田 ;夂 ;口 
匀,勹 ;亠 
艳,一 ;二 ;丨 ;色 
孝,耂 ;子 
灾,宀 ;火 
鞭,革 ;亻 ;一 ;日 ;丨 ;乂 
炮,火 ;勹 ;巳 
馒,饣 ;日 ;罒 ;又 
扇,户 ;羽 
旬,勹 ;日 
煤,火 ;甘 ;木 
炭,山 ;𠂇 ;火 
纲,纟 ;冂 ;乂 
裔,衣 ;冂 ;八 ;口 
粘,米 ;⺊ ;口 
拼,扌 ;丷 ;一 ;廾 
尺,尸 ;㇏ 
归,No glyph available ;彐 
纳,纟 ;人 ;冂 
拳,二 ;丨 ;丷 ;八 ;手 
币,㇒ ;巾 
哦,口 ;手 ;戈 
嘿,口 ;黑 
嗨,口 ;氵 ;丿 ;一 ;母 
嘛,口 ;麻 
啦,口 ;扌 ;立 
哇,口 ;圭 
尸,尸 
监,丨 ;丨 ;丿 ;一 ;丶 ;皿 
狱,犭 ;讠 ;犬 
啥,口 ;人 ;干 ;口 
亡,匸 ;丶 
凶,凵 ;乂 
屁,尸 ;比 
撒,扌 ;艹 ;一 ;月 ;⺙ 
谎,讠 ;艹 ;匸 ;丶 ;儿 ;丨 
誓,扌 ;斤 ;言 
砸,石 ;匚 ;巾 
踪,⻊ ;宀 ;示 
怖,忄 ;𠂇 ;巾 
蹈,⻊ ;爫 ;臼 
副,一 ;口 ;田 ;刂 
攻,工 ;⺙ 
汰,氵 ;大 ;丶 
袭,龙 ;衣 
魂,二 ;厶 ;鬼 
爆,火 ;日 ;艹 ;一 ;八 ;水 
盯,目 ;一 ;亅 
愚,冂 ;二 ;丨 ;禸 ;心 
蠢,一 ;二 ;丨 ;八 ;日 ;䖵 
绑,纟 ;一 ;二 ;丨 ;阝 
州,州 
逮,辶 ;隶 
捕,扌 ;十 ;用 ;丶 
搭,扌 ;艹 ;人 ;一 ;口 
伍,亻 ;一 ;力 ;一 
侦,亻 ;⺊ ;贝 
探,扌 ;⺳ ;木 
耍,而 ;女 
雇,户 ;隹 
辜,十 ;口 ;辛 
惧,忄 ;目 ;一 ;八 
讶,讠 ;牙 
协,十 ;力 ;八 
劫,土 ;厶 ;力 
叛,二 ;丨 ;丷 ;⺁ ;又 
堂,⺌ ;冖 ;口 ;土 
磨,麻 ;石 
艘,舟 ;臼 ;丨 ;又 
罪,罒 ;非 
犯,犭 ;乚 ;㇆ 
暴,日 ;艹 ;一 ;八 ;水 
牺,牛 ;西 
牲,牛 ;生 
愤,忄 ;十 ;艹 ;贝 
怒,女 ;又 ;心 
婴,No glyph available ;女 
塔,土 ;艹 ;人 ;一 ;口 
仰,亻 ;㇒ ;㇗ ;卩 
魔,麻 ;鬼 
孤,子 ;瓜 
惩,彳 ;一 ;止 ;心 
磅,石 ;亠 ;丷 ;冖 ;方 
诺,讠 ;艹 ;𠂇 ;口 
谍,讠 ;㇗ ;廿 ;木 
哼,口 ;亠 ;口 ;㇇ ;亅 
尴,尢 ;丨 ;丨 ;丿 ;一 ;丶 ;皿 
尬,尢 ;人 ;No glyph available 
抛,扌 ;丿 ;㇈ ;力 
揍,扌 ;一 ;二 ;丨 ;八 ;㇒ ;大 
擅,扌 ;亠 ;回 ;日 ;一 
钻,钅 ;⺊ ;口 
慈,丷 ;一 ;𢆶 ;心 
痕,疒 ;艮 
盟,日 ;月 ;皿 
审,宀 ;日 ;丨 
嫉,女 ;疒 ;矢 
妒,女 ;户 
姆,女 ;母 
赋,贝 ;一 ;弋 ;止 
栋,木 ;乚 ;一 ;小 
仪,亻 ;乂 ;丶 
混,氵 ;日 ;比 
癌,疒 ;品 ;山 
症,疒 ;一 ;止 
剑,人 ;一 ;⺍ ;一 ;刂 
欺,甘 ;一 ;八 ;欠 
宇,宀 ;干 ;亅 
宙,宀 ;二 ;丨 ;凵 
扣,扌 ;口 
隐,阝 ;⺈ ;彐 ;心 
瞒,目 ;艹 ;一 ;从 ;冂 
溜,氵 ;卯 ;田 
毁,臼 ;工 ;殳 
灭,一 ;火 
荒,艹 ;匸 ;丶 ;儿 ;丨 
谬,讠 ;羽 ;人 ;彡 
拨,扌 ;㇗ ;丨 ;丶 ;又 
嘲,口 ;十 ;日 ;十 ;月 
娃,女 ;圭 
割,宀 ;一 ;二 ;丨 ;口 ;刂 
崩,山 ;朋 
溃,氵 ;口 ;丨 ;一 ;贝 
宗,宀 ;示 
陷,阝 ;⺈ ;臼 
异,巳 ;艹 
疾,疒 ;矢 
沮,氵 ;月 ;一 
丧,土 ;丷 ;乚 ;No glyph available 
誉,⺍ ;一 ;八 ;言 
央,大 ;冂 
忠,口 ;丨 ;心 
廊,广 ;丨 ;彐 ;乚 ;丶 ;丶 ;阝 
抗,扌 ;亠 ;几 
掩,扌 ;大 ;日 ;丨 ;乚 
枚,木 ;⺙ 
障,阝 ;立 ;日 ;十 
罐,缶 ;艹 ;吅 ;隹 
昏,氏 ;日 
晨,日 ;辰 
侮,亻 ;丿 ;一 ;母 
辱,辰 ;寸 
露,雨 ;⻊ ;夂 ;口 
绅,纟 ;日 ;丨 
残,歹 ;戋 
圣,又 ;土 
仓,人 ;乚 ;㇆ 
奏,一 ;二 ;丨 ;八 ;一 ;大 
堡,亻 ;口 ;木 ;土 
奴,女 ;又 
隶,隶 
膝,月 ;木 ;人 ;氺 
擎,艹 ;勹 ;口 ;⺙ ;手 
宰,宀 ;辛 
贼,贝 ;戈 ;𠂇 
舌,舌 
虐,虍 ;No glyph available 
舔,舌 ;一 ;大 ;丨 ;㇒ ;No glyph available 
薪,艹 ;立 ;十 ;小 ;斤 
讼,讠 ;八 ;厶 
援,扌 ;爫 ;干 ;又 
扎,扌 ;乚 
策,⺮ ;木 ;冂 
氓,匸 ;丶 ;巳 ;㇂ ;一 
皇,白 ;王 
吼,口 ;子 ;乚 
谋,讠 ;甘 ;木 
喉,口 ;亻 ;No glyph available ;矢 
咙,口 ;龙 
瞄,目 ;艹 ;田 
唐,广 ;⺺ ;口 
弥,弓 ;⺈ ;小 
党,⺌ ;冖 ;口 ;儿 
阱,阝 ;No glyph available ;二 
犬,犬 
妆,丬 ;女 
端,立 ;山 ;而 
卑,冂 ;二 ;丨 ;丶 ;十 
鄙,口 ;十 ;回 ;阝 
侵,亻 ;彐 ;冖 ;又 
崇,山 ;宀 ;示 
欲,谷 ;欠 
赌,贝 ;耂 ;日 
晃,日 ;⺌ ;一 ;儿 
佣,亻 ;用 
袖,衤 ;二 ;丨 ;凵 
丁,一 ;亅 
骚,马 ;又 ;丶 ;虫 
堪,土 ;甘 ;匚 ;儿 
肺,月 ;十 ;巾 
旋,方 ;丿 ;一 ;疋 
扁,户 ;冂 ;艹 
抚,扌 ;无 
酷,酉 ;⺧ ;口 
讯,讠 ;㇠ ;十 
予,龴 ;㇖ ;亅 
伪,亻 ;力 ;⺀ 
趴,⻊ ;八 
翘,No glyph available ;一 ;儿 ;羽 
诱,讠 ;禾 ;㇎ ;丿 
惑,戈 ;口 ;一 ;心 
箭,⺮ ;丷 ;一 ;月 ;刂 
胎,月 ;厶 ;口 
倾,亻 ;匕 ;页 
遭,辶 ;艹 ;No glyph available ;二 ;凵 ;日 
唇,辰 ;口 
缘,纟 ;彑 ;勹 ;No glyph available ;No glyph available 
胞,月 ;勹 ;巳 
蜡,虫 ;艹 ;一 ;日 
烛,火 ;虫 
仁,亻 ;二 
隧,阝 ;辶 ;丷 ;豕 
撤,扌 ;亠 ;厶 ;月 ;⺙ 
惨,忄 ;厶 ;大 ;彡 
额,宀 ;夂 ;口 ;页 
牵,大 ;冖 ;牛 
挽,扌 ;⺈ ;口 ;丨 ;乚 
酗,酉 ;凵 ;乂 
枕,木 ;巾 ;乚 
屏,尸 ;丷 ;一 ;廾 
吊,口 ;巾 
呵,口 ;一 ;亅 ;口 
井,No glyph available ;二 
慷,忄 ;广 ;隶 
慨,忄 ;丨 ;彐 ;乚 ;丶 ;旡 
潜,氵 ;㚘 ;日 
鸽,人 ;一 ;口 ;鸟 
泣,氵 ;立 
侄,亻 ;至 
渣,氵 ;木 ;日 ;一 
侣,亻 ;吕 
肿,月 ;口 ;丨 
瘤,疒 ;卯 ;田 
患,串 ;心 
滋,氵 ;丷 ;一 ;𢆶 
涉,氵 ;止 ;小 ;丿 
弊,巾 ;冫 ;No glyph available ;⺙ ;艹 
仇,亻 ;丿 ;㇈ 
浑,氵 ;冖 ;车 
泄,氵 ;㇗ ;廿 
皆,比 ;白 
抵,扌 ;氏 ;丶 
纵,纟 ;从 
粹,米 ;亠 ;从 ;十 
窝,穴 ;口 ;人 ;冂 
幢,巾 ;立 ;里 
祖,礻 ;月 ;一 
恒,忄 ;一 ;日 ;一 
拽,扌 ;曳 
焰,火 ;⺈ ;臼 
贿,贝 ;𠂇 ;月 
赂,贝 ;夂 ;口 
署,罒 ;耂 ;日 
舱,舟 ;人 ;乚 ;㇆ 
仗,亻 ;十 ;乂 
咋,口 ;丿 ;一 ;丨 ;二 
棕,木 ;宀 ;示 
坟,土 ;文 
墓,艹 ;日 ;大 ;土 
曲,No glyph available ;二 ;凵 
陈,阝 ;乚 ;一 ;小 
敞,⺌ ;冂 ;口 ;⺙ 
野,里 ;龴 ;㇖ ;亅 
蛮,亠 ;丨 ;亅 ;八 ;虫 
堕,阝 ;𠂇 ;月 ;土 
械,木 ;戈 ;艹 
拘,扌 ;勹 ;口 
刹,乂 ;十 ;小 ;刂 
巡,辶 ;巛 
噪,口 ;品 ;木 
裂,歹 ;刂 ;衣 
呕,口 ;匚 ;乂 
耻,耳 ;止 
洁,氵 ;士 ;口 
轨,车 ;丿 ;㇈ 
帐,巾 ;长 
篷,⺮ ;辶 ;夂 ;一 ;二 ;丨 
串,串 
氧,气 ;羊 
携,扌 ;隹 ;㇎ ;丿 
鉴,丨 ;丨 ;丿 ;一 ;丶 ;金 
撼,扌 ;厂 ;戈 ;一 ;口 ;心 
掐,扌 ;⺈ ;臼 
御,彳 ;干 ;㇒ ;止 ;卩 
妄,匸 ;丶 ;女 
谣,讠 ;爫 ;缶 
酬,酉 ;州 
铺,钅 ;十 ;用 ;丶 
辐,车 ;一 ;口 ;田 
鲁,鱼 ;日 
挪,扌 ;㇆ ;二 ;丨 ;阝 
挨,扌 ;厶 ;矢 
瞬,目 ;爫 ;冖 ;舛 
垫,扌 ;丿 ;㇈ ;丶 ;土 
岩,山 ;石 
嫌,女 ;丷 ;一 ;No glyph available ;八 ;⺕ 
闷,门 ;心 
哀,衣 ;口 
坑,土 ;亠 ;几 
呈,口 ;王 
墅,里 ;龴 ;㇖ ;亅 ;土 
贪,人 ;丶 ;㇇ ;贝 
婪,林 ;女 
镇,钅 ;十 ;目 ;一 ;八 
晰,日 ;木 ;斤 
捏,扌 ;日 ;土 
菌,艹 ;囗 ;禾 
杰,木 ;灬 
诞,讠 ;廴 ;㇒ ;止 
蹦,⻊ ;山 ;朋 
纤,纟 ;㇒ ;十 
盗,冫 ;欠 ;皿 
窃,穴 ;乚 ;一 ;刀 
跪,⻊ ;⺈ ;厂 ;乚 ;㇆ 
煎,丷 ;一 ;月 ;刂 ;灬 
捣,扌 ;㇆ ;㇉ ;丶 ;丶 ;山 
哄,口 ;艹 ;一 ;八 
驱,马 ;匚 ;乂 
扯,扌 ;止 
循,彳 ;⺁ ;十 ;目 
峡,山 ;人 ;二 ;丷 
谷,谷 
挖,扌 ;穴 ;㇠ 
掘,扌 ;尸 ;出 
拖,扌 ;丿 ;一 ;乚 ;㇆ ;丨 
夺,大 ;寸 
惕,忄 ;日 ;勹 ;No glyph available 
妥,爫 ;女 
钞,钅 ;小 ;丿 
绎,纟 ;又 ;二 ;丨 
赖,木 ;口 ;⺈ ;贝 
瘾,疒 ;阝 ;⺈ ;彐 ;心 
郎,丨 ;彐 ;乚 ;丶 ;丶 ;阝 
吩,口 ;八 ;刀 
咐,口 ;亻 ;寸 
偏,亻 ;户 ;冂 ;艹 
焦,隹 ;灬 
脉,月 ;㇆ ;㇇ ;No glyph available ;丶 
搏,扌 ;十 ;用 ;丶 ;寸 
掏,扌 ;勹 ;缶 
睹,目 ;耂 ;日 
督,⺊ ;一 ;小 ;又 ;目 
稚,禾 ;隹 
宪,宀 ;⺧ ;儿 
歧,止 ;支 
港,氵 ;艹 ;一 ;八 ;巳 
曝,日 ;日 ;艹 ;一 ;八 ;氺 
扑,扌 ;卜 
董,艹 ;㇒ ;十 ;里 
抑,扌 ;㇒ ;㇗ ;卩 
遥,辶 ;缶 ;爫 
径,彳 ;龴 ;工 
炫,火 ;玄 
耀,⺌ ;一 ;儿 ;羽 ;隹 
唠,口 ;艹 ;冖 ;力 
叨,口 ;刀 
剖,立 ;口 ;刂 
刑,一 ;廾 ;刂 
融,鬲 ;虫 
捞,扌 ;艹 ;冖 ;力 
猎,犭 ;艹 ;一 ;日 
跨,⻊ ;大 ;二 ;㇉ 
奉,一 ;二 ;丨 ;八 ;二 ;丨 
榜,木 ;亠 ;丷 ;冖 ;方 
谐,讠 ;比 ;白 
勉,⺈ ;口 ;丨 ;乚 ;力 
纠,纟 ;丨 ;㇙ 
粒,米 ;立 
番,釆 ;田 
液,氵 ;亠 ;亻 ;夂 ;丶 
饥,饣 ;几 
磕,石 ;土 ;厶 ;皿 
憋,巾 ;冫 ;No glyph available ;⺙ ;心 
恰,忄 ;人 ;一 ;口 
脂,月 ;匕 ;日 
肪,月 ;方 
磁,石 ;丷 ;一 ;𢆶 
塌,土 ;日 ;羽 
埋,土 ;里 
葬,艹 ;歹 ;匕 ;艹 
疤,疒 ;丨 ;No glyph available ;丨 ;乚 
横,木 ;艹 ;一 ;二 ;丨 ;凵 ;八 
岗,山 ;冂 ;乂 
芒,艹 ;匸 ;丶 
粉,米 ;八 ;刀 
揭,扌 ;曰 ;勹 ;人 ;㇗ 
膜,月 ;艹 ;日 ;大 
诈,讠 ;丿 ;一 ;丨 ;二 
崭,山 ;车 ;斤 
亦,亠 ;丨 ;亅 ;八 
昂,日 ;㇒ ;㇗ ;卩 
履,尸 ;彳 ;丿 ;一 ;日 ;夂 
蚂,虫 ;马 
蚁,虫 ;乂 ;丶 
缚,纟 ;十 ;用 ;丶 ;寸 
僵,亻 ;一 ;二 ;畕 
忧,忄 ;尢 ;丶 
郁,𠂇 ;月 ;阝 
凡,几 ;丶 
赴,走 ;卜 
黎,禾 ;勹 ;㇒ ;人 ;氺 
顽,二 ;儿 ;页 
贩,贝 ;⺁ ;又 
瘫,疒 ;又 ;隹 
痪,疒 ;⺈ ;大 ;冂 
喻,口 ;人 ;一 ;月 ;刂 
帝,亠 ;丷 ;冖 ;巾 
罕,⺳ ;干 
漆,氵 ;木 ;人 ;氺 
辨,辡 ;丿 ;丶 
溅,氵 ;贝 ;戋 
恩,囗 ;大 ;心 
跌,⻊ ;人 ;二 ;㇒ 
役,彳 ;殳 
殴,匚 ;乂 ;殳 
罢,罒 ;土 ;厶 
迈,辶 ;一 ;丿 ;㇆ 
兜,㇒ ;㇗ ;No glyph available ;白 ;儿 
烹,亠 ;口 ;㇇ ;亅 ;灬 
饪,饣 ;㇒ ;士 
疫,疒 ;殳 
澄,氵 ;癶 ;豆 
竭,立 ;曰 ;勹 ;人 ;㇗ 
拧,扌 ;宀 ;一 ;亅 
孔,子 ;乚 
撑,扌 ;⺌ ;冖 ;口 ;手 
淋,氵 ;林 
沼,氵 ;刀 ;口 
泽,氵 ;又 ;二 ;丨 
珠,王 ;木 ;一 ;㇒ 
腾,月 ;二 ;丨 ;丷 ;八 ;马 
钝,钅 ;十 ;屮 ;乚 
颇,皮 ;页 
覆,覀 ;彳 ;丿 ;一 ;日 ;夂 
剔,日 ;勹 ;No glyph available ;刂 
翔,羊 ;羽 
缉,纟 ;口 ;耳 
谴,讠 ;辶 ;口 ;丨 ;一 ;㠯 
丸,丿 ;㇈ ;丶 
雕,田 ;口 ;隹 
蔽,艹 ;巾 ;冫 ;No glyph available ;⺙ 
泥,氵 ;尸 ;匕 
琢,王 ;一 ;勹 ;No glyph available ;丶 ;No glyph available 
颠,十 ;目 ;一 ;八 ;页 
宫,宀 ;吕 
殿,尸 ;艹 ;一 ;八 ;殳 
俘,亻 ;爫 ;子 
虏,虍 ;力 
喇,口 ;木 ;口 ;刂 
叭,口 ;八 
莫,艹 ;日 ;大 
旗,方 ;丿 ;一 ;甘 ;一 ;八 
帜,巾 ;口 ;八 
颤,亠 ;回 ;日 ;一 ;页 
砖,石 ;二 ;丨 ;龴 
苍,艹 ;人 ;乚 ;㇆ 
斥,斤 ;丶 
碌,石 ;彐 ;氺 
铜,钅 ;冂 ;一 ;口 
棉,木 ;白 ;巾 
啃,口 ;止 ;月 
墨,黑 ;土 
惫,夂 ;田 ;心 
伏,亻 ;犬 
涕,氵 ;丷 ;弓 ;丨 ;㇒ 
灿,火 ;山 
瞪,目 ;癶 ;豆 
衅,血 ;二 ;丨 ;丷 
疏,⺪ ;亠 ;厶 ;儿 ;丨 
摊,扌 ;又 ;隹 
辉,⺌ ;一 ;儿 ;冖 ;车 
煌,火 ;白 ;王 
蔓,艹 ;日 ;罒 ;又 
翼,羽 ;田 ;艹 ;一 ;八 
锐,钅 ;丷 ;口 ;儿 
扒,扌 ;八 
墟,土 ;虍 ;No glyph available ;丷 ;一 
轰,车 ;双 
眨,目 ;㇒ ;王 ;丶 ;戈 ;㇝ 
唤,口 ;⺈ ;大 ;冂 
弦,弓 ;玄 
蒸,艹 ;㇖ ;水 ;一 ;灬 
竖,丨 ;丨 ;又 ;立 
盲,匸 ;丶 ;目 
畏,田 ;一 ;乚 ;No glyph available 
壮,丬 ;士 
宅,宀 ;㇒ ;乚 ;一 
捧,扌 ;一 ;二 ;丨 ;八 ;二 ;丨 
削,⺌ ;月 ;刂 
贯,囗 ;十 ;贝 
杖,木 ;十 ;乂 
庞,广 ;龙 
储,亻 ;讠 ;耂 ;日 
纽,纟 ;刀 ;二 
扛,扌 ;工 
徘,彳 ;非 
徊,彳 ;回 
坡,土 ;皮 
袱,衤 ;亻 ;犬 
侧,亻 ;贝 ;刂 
臂,尸 ;口 ;辛 ;月 
泡,氵 ;勹 ;巳 
沫,氵 ;木 ;一 
捍,扌 ;日 ;干 
劈,尸 ;口 ;辛 ;刀 
苏,艹 ;力 ;八 
渠,氵 ;匚 ;No glyph available ;木 
奔,大 ;十 ;艹 
驰,马 ;乚 ;㇆ ;丨 
瀑,氵 ;日 ;艹 ;一 ;八 ;水 
捉,扌 ;足 
痹,疒 ;田 ;一 ;No glyph available 
锋,钅 ;夂 ;一 ;二 ;丨 
拙,扌 ;出 
岂,山 ;己 
隆,阝 ;夂 ;一 ;生 
枝,木 ;支 
诽,讠 ;非 
谤,讠 ;亠 ;丷 ;冖 ;方 
洪,氵 ;艹 ;一 ;八 
扭,扌 ;刀 ;二 
拣,扌 ;乚 ;一 ;㇆ ;八 
愈,人 ;一 ;月 ;刂 ;心 
悦,忄 ;丷 ;口 ;儿 
迄,辶 ;丿 ;一 ;㇠ 
耗,耒 ;毛 
倦,亻 ;二 ;丨 ;丷 ;八 ;乚 ;㇆ 
歹,歹 
徒,彳 ;走 
斑,玨 ;文 
贫,八 ;刀 ;贝 
驳,马 ;爻 
锤,钅 ;㇒ ;十 ;士 ;艹 
诸,讠 ;耂 ;日 
粥,弜 ;米 
窜,穴 ;串 
绘,纟 ;人 ;二 ;厶 
鞠,革 ;勹 ;米 
躬,身 ;弓 
洽,氵 ;人 ;一 ;口 
搂,扌 ;米 ;女 
熄,火 ;自 ;心 
揉,扌 ;矛 ;木 
缝,纟 ;辶 ;夂 ;一 ;二 ;丨 
淹,氵 ;大 ;日 ;丨 ;乚 
屑,尸 ;⺌ ;月 
伺,亻 ;㇆ ;一 ;口 
捎,扌 ;⺌ ;月 
呻,口 ;日 ;丨 
吟,口 ;人 ;丶 ;㇇ 
掠,扌 ;亠 ;口 ;小 
殖,歹 ;十 ;目 ;一 
奢,大 ;耂 ;日 
侈,亻 ;多 
喘,口 ;山 ;而 
刊,干 ;刂 
溪,氵 ;爫 ;幺 ;大 
伐,亻 ;戈 
挫,扌 ;土 ;从 
饶,饣 ;No glyph available ;一 ;儿 
恕,女 ;口 ;心 
壳,士 ;冖 ;几 
藐,艹 ;豸 ;白 ;儿 
坠,阝 ;人 ;土 
乞,丿 ;一 ;㇠ 
丐,一 ;卜 ;㇉ 
衷,衣 ;口 ;丨 
沸,氵 ;弓 ;No glyph available 
颁,八 ;刀 ;页 
渗,氵 ;厶 ;大 ;彡 
侥,亻 ;No glyph available ;一 ;儿 
钦,钅 ;欠 
塞,宀 ;No glyph available ;二 ;一 ;八 ;土 
沐,氵 ;木 
浴,氵 ;谷 
馈,饣 ;口 ;丨 ;一 ;贝 
辖,车 ;宀 ;一 ;二 ;丨 ;口 
皱,⺈ ;彐 ;皮 
纹,纟 ;文 
臣,臣 
笼,⺮ ;龙 
罩,罒 ;⺊ ;日 ;十 
遣,辶 ;口 ;丨 ;一 ;㠯 
僻,亻 ;尸 ;口 ;辛 
筒,⺮ ;冂 ;一 ;口 
攒,扌 ;兟 ;贝 
撇,扌 ;巾 ;冫 ;No glyph available ;⺙ 
掰,龵 ;八 ;刀 ;手 
鸣,口 ;鸟 
债,亻 ;龶 ;贝 
券,二 ;丨 ;丷 ;八 ;刀 
兆,儿 ;冫 ;No glyph available 
拔,扌 ;𠂇 ;丶 ;又 
筹,⺮ ;一 ;二 ;丨 ;寸 
浮,氵 ;爫 ;子 
巷,艹 ;一 ;八 ;巳 
烁,火 ;㇒ ;㇗ ;小 
捷,扌 ;十 ;⺺ ;龰 
肢,月 ;支 
嗅,口 ;自 ;犬 
盛,一 ;丿 ;㇆ ;戈 ;皿 
滤,氵 ;虍 ;心 
渺,氵 ;目 ;小 ;丿 
蚀,饣 ;虫 
泌,氵 ;心 ;丿 
峰,山 ;夂 ;一 ;二 ;丨 
瘸,疒 ;力 ;口 ;肉 
淆,氵 ;乂 ;𠂇 ;月 
冤,冖 ;⺈ ;口 ;丨 ;乚 ;丶 
枉,木 ;王 
逼,辶 ;一 ;口 ;田 
裕,衤 ;谷 
枯,木 ;十 ;口 
惦,忄 ;广 ;⺊ ;口 
蔼,艹 ;讠 ;曰 ;勹 ;人 ;㇗ 
衰,衣 ;囗 ;一 
掀,扌 ;斤 ;欠 
嚷,口 ;衣 ;吅 ;No glyph available ;二 ;一 
贬,贝 ;㇒ ;王 ;丶 ;戈 ;㇝ 
猛,犭 ;子 ;皿 
柱,木 ;王 ;丶 
辫,辡 ;纟 
膛,月 ;⺌ ;冖 ;口 ;土 
渡,氵 ;广 ;廿 ;又 
熨,尸 ;示 ;寸 ;火 
濒,氵 ;止 ;小 ;丿 ;页 
凑,冫 ;一 ;二 ;丨 ;八 ;㇒ ;大 
畅,日 ;丨 ;㇎ ;No glyph available 
肆,镸 ;聿 
肖,⺌ ;月 
蓄,艹 ;玄 ;田 
橙,木 ;癶 ;豆 
惰,忄 ;𠂇 ;工 ;月 
庸,广 ;⺺ ;用 
蹋,⻊ ;日 ;羽 
锈,钅 ;禾 ;㇎ ;丿 
陶,阝 ;勹 ;缶 
赠,贝 ;丷 ;口 ;丨 ;丷 ;日 
滨,氵 ;宀 ;兵 
庄,广 ;土 
稼,禾 ;宀 ;豕 
叼,口 ;㇆ ;㇀ 
廓,广 ;亠 ;口 ;子 ;阝 
碳,石 ;山 ;𠂇 ;火 
烘,火 ;艹 ;一 ;八 
晋,一 ;No glyph available ;丷 ;一 ;日 
钩,钅 ;勹 ;厶 
驻,马 ;王 ;丶 
峻,山 ;厶 ;八 ;夂 
蹬,⻊ ;癶 ;豆 
吁,口 ;干 ;亅 
君,⺕ ;丨 ;口 
卓,⺊ ;日 ;十 
悟,忄 ;一 ;力 ;一 ;口 
筛,⺮ ;No glyph available ;一 ;巾 
潇,氵 ;艹 ;⺺ ;No glyph available ;小 
搁,扌 ;门 ;夂 ;口 
逢,辶 ;夂 ;一 ;二 ;丨 
坛,土 ;二 ;厶 
丙,一 ;人 ;冂 
郑,丷 ;一 ;大 ;阝 
谜,讠 ;辶 ;米 
蔑,艹 ;罒 ;厂 ;戈 ;丶 
钙,钅 ;一 ;卜 ;㇉ 
梁,氵 ;刀 ;八 ;木 
搅,扌 ;⺍ ;冖 ;见 
拌,扌 ;二 ;丨 ;丷 
踏,⻊ ;水 ;日 
甭,一 ;丿 ;卜 ;用 
觅,爫 ;见 
瓣,辡 ;瓜 
簸,⺮ ;甘 ;一 ;八 ;皮 
阔,门 ;氵 ;舌 
铭,钅 ;夕 ;口 
壤,土 ;衣 ;吅 ;No glyph available ;二 ;一 
睬,目 ;爫 ;木 
凝,冫 ;匕 ;矢 ;龴 ;疋 
霍,雨 ;隹 
哨,口 ;⺌ ;月 
殃,歹 ;大 ;冂 
牢,宀 ;牛 
仙,亻 ;山 
瓦,瓦 
晾,日 ;亠 ;口 ;小 
宵,宀 ;⺌ ;月 
柬,木 ;口 ;丨 ;丷 
晶,晶 
波,氵 ;皮 
尖,小 ;大 
垂,㇒ ;十 ;士 ;艹 
瓷,冫 ;欠 ;瓦 
挚,扌 ;丿 ;㇈ ;丶 ;手 
怯,忄 ;土 ;厶 
巢,巛 ;田 ;木 
穴,穴 
朽,木 ;一 ;㇉ 
搓,扌 ;羊 ;工 
悬,月 ;一 ;厶 ;心 
寺,土 ;寸 
庙,广 ;二 ;丨 ;凵 
挠,扌 ;No glyph available ;一 ;儿 
诫,讠 ;戈 ;艹 
涵,氵 ;㇇ ;亅 ;冫 ;No glyph available ;凵 
畜,玄 ;田 
涮,氵 ;尸 ;巾 ;刂 
酝,酉 ;二 ;厶 
酿,酉 ;艮 ;丶 
舆,臼 ;车 ;一 ;八 
株,木 ;木 ;一 ;㇒ 
剥,彐 ;氺 ;刂 
诬,讠 ;工 ;从 
桨,丬 ;夕 ;木 
愣,忄 ;罒 ;方 
咀,口 ;月 ;一 
嚼,口 ;爫 ;罒 ;丨 ;彐 ;乚 ;丶 ;寸 
敷,十 ;用 ;丶 ;方 ;⺙ 
衍,行 ;氵 
捆,扌 ;囗 ;木 
截,土 ;戈 ;隹 
赁,亻 ;㇒ ;士 ;贝 
旨,匕 ;日 
睦,目 ;土 ;八 ;土 
窍,穴 ;工 ;一 ;㇉ 
腔,月 ;穴 ;工 
缠,纟 ;广 ;里 
溶,氵 ;宀 ;谷 
秃,禾 ;几 
盈,㇎ ;丿 ;又 ;皿 
叹,口 ;又 
暧,日 ;爫 ;冖 ;𠂇 ;又 
昧,日 ;木 ;一 
惋,忄 ;宀 ;夕 ;乚 ;㇆ 
雅,牙 ;隹 
庇,广 ;比 
狭,犭 ;人 ;二 ;丷 
昔,艹 ;一 ;日 
甘,甘 
吝,文 ;口 
啬,土 ;丷 ;回 
宏,宀 ;𠂇 ;厶 
帆,巾 ;几 ;丶 
茫,艹 ;氵 ;匸 ;丶 
绣,纟 ;禾 ;㇎ ;丿 
田,田 
摧,扌 ;山 ;隹 
攀,林 ;爻 ;大 ;手 
岳,斤 ;一 ;山 
躁,⻊ ;品 ;木 
逊,辶 ;子 ;小 
嫂,女 ;臼 ;丨 ;又 
炎,炎 
谱,讠 ;丷 ;一 ;No glyph available ;丷 ;一 ;日 
迁,辶 ;㇒ ;十 
徙,彳 ;止 ;龰 
滔,氵 ;爫 ;臼 
巩,工 ;几 ;丶 
阐,门 ;丷 ;冂 ;二 ;丨 ;十 
帖,巾 ;⺊ ;口 
滥,氵 ;丨 ;丨 ;丿 ;一 ;丶 ;皿 
滞,氵 ;川 ;一 ;冖 ;巾 
彰,立 ;日 ;十 ;彡 
若,艹 ;𠂇 ;口 
奥,宀 ;米 ;大 
诵,讠 ;龴 ;用 
汹,氵 ;凵 ;乂 
涌,氵 ;龴 ;用 
毅,立 ;勹 ;No glyph available ;No glyph available ;殳 
添,氵 ;一 ;大 ;丨 ;㇒ ;No glyph available 
阂,门 ;亠 ;丨 ;㇙ ;人 
譬,尸 ;口 ;辛 ;言 
腹,月 ;丿 ;一 ;日 ;夂 
泻,氵 ;冖 ;No glyph available ;一 
雌,止 ;匕 ;隹 
叠,叒 ;冖 ;月 ;一 
铸,钅 ;一 ;二 ;丨 ;寸 
萎,艹 ;禾 ;女 
掷,扌 ;丷 ;一 ;大 ;阝 
霜,雨 ;木 ;目 
畴,田 ;一 ;二 ;丨 ;寸 
伯,亻 ;白 
饲,饣 ;㇆ ;一 ;口 
舟,舟 
腥,月 ;日 ;生 
陋,阝 ;㇗ ;一 ;人 ;冂 
碑,石 ;冂 ;二 ;丨 ;丶 ;十 
筐,⺮ ;匚 ;王 
狼,犭 ;艮 ;丶 
狈,犭 ;贝 
澈,氵 ;亠 ;厶 ;月 ;⺙ 
旱,日 ;干 
嘈,口 ;艹 ;No glyph available ;二 ;凵 ;日 
凄,冫 ;十 ;⺺ ;女 
爽,大 ;㸚 
逝,辶 ;扌 ;斤 
迸,辶 ;丷 ;一 ;廾 
秤,禾 ;干 ;丷 
抹,扌 ;木 ;一 
榨,木 ;穴 ;丿 ;一 ;丨 ;二 
隘,阝 ;丷 ;一 ;八 ;皿 
垄,龙 ;土 
氏,氏 
惹,艹 ;𠂇 ;口 ;心 
祸,礻 ;口 ;人 ;冂 
岔,八 ;刀 ;山 
媳,女 ;自 ;心 
勾,勹 ;厶 
荡,艹 ;氵 ;㇎ ;No glyph available 
沛,氵 ;十 ;巾 
晤,日 ;一 ;力 ;一 ;口 
眯,目 ;米 
斯,甘 ;一 ;八 ;斤 
韧,韦 ;刀 ;丶 
唾,口 ;㇒ ;十 ;士 ;艹 
隙,阝 ;小 ;日 ;小 
狠,犭 ;艮 
拓,扌 ;石 
筋,⺮ ;月 ;力 
膨,月 ;十 ;豆 ;彡 
胀,月 ;长 
湾,氵 ;亠 ;丨 ;亅 ;八 ;弓 
霸,雨 ;革 ;月 
涩,氵 ;刀 ;丶 ;止 
耸,从 ;耳 
缀,纟 ;叕 
颂,八 ;厶 ;页 
嘱,口 ;尸 ;㇒ ;虫 ;冂 
苟,艹 ;勹 ;口 
浸,氵 ;彐 ;冖 ;又 
栏,木 ;丷 ;一 ;二 
紊,文 ;糸 
颖,匕 ;禾 ;页 
泊,氵 ;白 
倔,亻 ;尸 ;出 
俯,亻 ;广 ;亻 ;寸 
拢,扌 ;龙 
杠,木 ;工 
杆,木 ;干 
朴,木 ;卜 
辟,尸 ;口 ;辛 
晓,日 ;No glyph available ;一 ;儿 
丛,从 ;一 
忌,己 ;心 
惮,忄 ;丷 ;冂 ;二 ;丨 ;十 
吞,一 ;大 ;口 
咽,口 ;囗 ;大 
框,木 ;匚 ;王 
雹,雨 ;勹 ;巳 
赤,赤 
疙,疒 ;丿 ;一 ;㇠ 
瘩,疒 ;艹 ;人 ;一 ;口 
倘,亻 ;⺌ ;冂 ;口 
卸,干 ;㇒ ;止 ;卩 
灌,氵 ;艹 ;吅 ;隹 
溉,氵 ;丨 ;彐 ;乚 ;丶 ;旡 
腻,月 ;弋 ;二 ;贝 
锦,钅 ;白 ;巾 
悼,忄 ;⺊ ;日 ;十 
萌,艹 ;日 ;月 
芽,艹 ;牙 
涛,氵 ;一 ;二 ;丨 ;寸 
暄,日 ;宀 ;一 ;日 ;一 
伶,亻 ;人 ;丶 ;龴 
俐,亻 ;禾 ;刂 
镶,钅 ;衣 ;吅 ;No glyph available ;二 ;一 
嵌,山 ;甘 ;欠 
拄,扌 ;王 ;丶 
遏,辶 ;曰 ;勹 ;人 ;㇗ 
湖,氵 ;十 ;口 ;月 
椭,木 ;阝 ;𠂇 ;月 
颈,龴 ;工 ;页 
椎,木 ;隹 
栽,土 ;戈 ;木 
昼,尸 ;㇏ ;日 ;一 
诧,讠 ;宀 ;㇒ ;乚 ;一 
渔,氵 ;鱼 
讳,讠 ;韦 
啰,口 ;罒 ;夕 
唆,口 ;厶 ;八 ;夂 
佳,亻 ;圭 
肴,乂 ;𠂇 ;月 
魄,白 ;鬼 
啸,口 ;⺺ ;No glyph available ;小 
吉,士 ;口 
祥,礻 ;羊 
讥,讠 ;几 
蔚,艹 ;尸 ;示 ;寸 
茎,艹 ;龴 ;工 
旺,日 ;王 
纺,纟 ;方 
旷,日 ;广 
寸,寸 
蕴,艹 ;纟 ;日 ;皿 
畔,田 ;二 ;丨 ;丷 
沿,氵 ;几 ;口 
棍,木 ;日 ;比 
梢,木 ;⺌ ;月 
搀,扌 ;⺈ ;口 ;丨 ;乚 ;⺀ 
拟,扌 ;乚 ;丶 ;人 
喧,口 ;宀 ;一 ;日 ;一 
哗,口 ;亻 ;匕 ;十 
哺,口 ;十 ;用 ;丶 
乳,爫 ;子 ;乚 
蒙,艹 ;冖 ;二 ;勹 ;No glyph available ;No glyph available 
逆,辶 ;丷 ;一 ;屮 
斟,甘 ;匚 ;儿 ;斗 
酌,酉 ;勹 ;丶 
陡,阝 ;走 
峭,山 ;⺌ ;月 
遮,辶 ;广 ;廿 ;灬 
裳,⺌ ;冖 ;口 ;衣 
荤,艹 ;冖 ;车 
蕾,艹 ;雨 ;田 
舰,舟 ;见 
艇,舟 ;廴 ;㇒ ;士 
蒂,艹 ;亠 ;丷 ;冖 ;巾 
哆,口 ;多 
嗦,口 ;十 ;冖 ;糸 
辽,辶 ;㇇ ;亅 
茂,艹 ;厂 ;戈 
沃,氵 ;㇒ ;大 
挎,扌 ;大 ;二 ;㇉ 
衔,行 ;钅 
眶,目 ;匚 ;王 
怠,厶 ;口 ;心 
兢,兢 
剂,齐 ;刂 
屡,尸 ;米 ;女 
缔,纟 ;亠 ;丷 ;冖 ;巾 
馋,饣 ;⺈ ;口 ;丨 ;乚 ;⺀ 
杜,木 ;土 
勘,甘 ;匚 ;儿 ;力 
聋,龙 ;耳 
哑,口 ;一 ;No glyph available ;丷 ;一 
缴,纟 ;白 ;方 ;⺙ 
磋,石 ;羊 ;工 
稀,禾 ;乂 ;𠂇 ;巾 
熏,㇒ ;十 ;口 ;丨 ;丷 ;土 ;灬 
伦,亻 ;人 ;匕 
儒,亻 ;雨 ;而 
耕,耒 ;No glyph available ;二 
瞻,目 ;⺈ ;厂 ;八 ;言 
廉,广 ;丷 ;一 ;No glyph available ;八 ;⺕ 
恍,忄 ;⺌ ;一 ;儿 
奠,丷 ;酉 ;大 
叮,口 ;一 ;亅 
亭,亠 ;口 ;冖 ;一 ;亅 
丘,斤 ;一 
陵,阝 ;土 ;八 ;夂 
稿,禾 ;高 
淀,氵 ;宀 ;一 ;龰 
娇,女 ;㇒ ;大 ;No glyph available 
勃,十 ;冖 ;子 ;力 
霞,雨 ;尸 ;二 ;No glyph available ;又 
稠,禾 ;田 ;口 
贤,丨 ;丨 ;又 ;贝 
昌,昌 
炉,火 ;户 
灶,火 ;土 
疆,弓 ;土 ;一 ;二 ;畕 
寝,宀 ;丬 ;彐 ;冖 ;又 
堤,土 ;日 ;一 ;龰 
坝,土 ;贝 
凹,凹 
凸,凸 
锲,钅 ;一 ;二 ;丨 ;刀 ;大 
斩,车 ;斤 
钉,钅 ;一 ;亅 
舶,舟 ;白 
蓬,艹 ;辶 ;夂 ;一 ;二 ;丨 
鸦,牙 ;鸟 
雀,小 ;丿 ;隹 
稻,禾 ;爫 ;臼 
浊,氵 ;虫 
崖,山 ;厂 ;圭 
川,川 
瞩,目 ;尸 ;㇒ ;虫 ;冂 
辰,辰 
津,氵 ;聿 
辕,车 ;土 ;口 ;㇒ ;㇗ ;No glyph available 
辙,车 ;亠 ;厶 ;月 ;⺙ 
乌,㇆ ;㇉ ;丶 ;一 
馅,饣 ;⺈ ;臼 
牧,牛 ;⺙ 
泰,一 ;二 ;丨 ;八 ;氺 
沾,氵 ;⺊ ;口 
袍,衤 ;勹 ;巳 
抒,扌 ;龴 ;㇖ ;亅 
侃,亻 ;口 ;儿 ;丨 
踊,⻊ ;龴 ;用 
绒,纟 ;戈 ;𠂇 
纬,纟 ;韦 
炊,火 ;欠 
俭,亻 ;人 ;一 ;⺍ ;一 
沧,氵 ;人 ;乚 ;㇆ 
桑,叒 ;木 
禽,人 ;亠 ;凵 ;乂 ;禸 
兽,丷 ;田 ;一 ;口 
侠,亻 ;人 ;二 ;丷 
侨,亻 ;㇒ ;大 ;No glyph available 
